<ImportExportXml xmlns:xsi="http://www.w3.org/2001/XMLSchema-instance" OrganizationVersion="9.2.25074.234" OrganizationSchemaType="Standard" CRMServerServiceabilityVersion="9.2.25074.00234">
  <Entities></Entities>
  <Roles></Roles>
  <Workflows>
    <Workflow WorkflowId="{8a522c46-5176-ef11-a670-0022489eddc3}" Name="Edit from TA flow" Description="Click a button in a Power Apps application to send a email to a specified email address.">
      <JsonFileName>/Workflows/EditfromTAflow-8A522C46-5176-EF11-A670-0022489EDDC3.json</JsonFileName>
      <Type>1</Type>
      <Subprocess>0</Subprocess>
      <Category>5</Category>
      <Mode>0</Mode>
      <Scope>4</Scope>
      <OnDemand>0</OnDemand>
      <TriggerOnCreate>0</TriggerOnCreate>
      <TriggerOnDelete>0</TriggerOnDelete>
      <AsyncAutodelete>0</AsyncAutodelete>
      <SyncWorkflowLogOnFailure>0</SyncWorkflowLogOnFailure>
      <StateCode>0</StateCode>
      <StatusCode>1</StatusCode>
      <RunAs>1</RunAs>
      <IsTransacted>1</IsTransacted>
      <IntroducedVersion>1.0.0.0</IntroducedVersion>
      <IsCustomizable>1</IsCustomizable>
      <BusinessProcessType>0</BusinessProcessType>
      <IsCustomProcessingStepAllowedForOtherPublishers>1</IsCustomProcessingStepAllowedForOtherPublishers>
      <PrimaryEntity>none</PrimaryEntity>
      <LocalizedNames>
        <LocalizedName languagecode="1033" description="Edit from TA flow" />
      </LocalizedNames>
      <Descriptions>
        <Description languagecode="1033" description="Click a button in a Power Apps application to send a email to a specified email address." />
      </Descriptions>
    </Workflow>
    <Workflow WorkflowId="{8b522c46-5176-ef11-a670-0022489eddc3}" Name="TA to SPs">
      <JsonFileName>/Workflows/TAtoSPs-8B522C46-5176-EF11-A670-0022489EDDC3.json</JsonFileName>
      <Type>1</Type>
      <Subprocess>0</Subprocess>
      <Category>5</Category>
      <Mode>0</Mode>
      <Scope>4</Scope>
      <OnDemand>0</OnDemand>
      <TriggerOnCreate>0</TriggerOnCreate>
      <TriggerOnDelete>0</TriggerOnDelete>
      <AsyncAutodelete>0</AsyncAutodelete>
      <SyncWorkflowLogOnFailure>0</SyncWorkflowLogOnFailure>
      <StateCode>0</StateCode>
      <StatusCode>1</StatusCode>
      <RunAs>1</RunAs>
      <IsTransacted>1</IsTransacted>
      <IntroducedVersion>1.0.0.0</IntroducedVersion>
      <IsCustomizable>1</IsCustomizable>
      <BusinessProcessType>0</BusinessProcessType>
      <IsCustomProcessingStepAllowedForOtherPublishers>1</IsCustomProcessingStepAllowedForOtherPublishers>
      <PrimaryEntity>none</PrimaryEntity>
      <LocalizedNames>
        <LocalizedName languagecode="1033" description="TA to SPs" />
      </LocalizedNames>
    </Workflow>
    <Workflow WorkflowId="{8c522c46-5176-ef11-a670-0022489eddc3}" Name="Export SPGP">
      <JsonFileName>/Workflows/ExportSPGP-8C522C46-5176-EF11-A670-0022489EDDC3.json</JsonFileName>
      <Type>1</Type>
      <Subprocess>0</Subprocess>
      <Category>5</Category>
      <Mode>0</Mode>
      <Scope>4</Scope>
      <OnDemand>0</OnDemand>
      <TriggerOnCreate>0</TriggerOnCreate>
      <TriggerOnDelete>0</TriggerOnDelete>
      <AsyncAutodelete>0</AsyncAutodelete>
      <SyncWorkflowLogOnFailure>0</SyncWorkflowLogOnFailure>
      <StateCode>1</StateCode>
      <StatusCode>2</StatusCode>
      <RunAs>1</RunAs>
      <IsTransacted>1</IsTransacted>
      <IntroducedVersion>1.0.0.0</IntroducedVersion>
      <IsCustomizable>1</IsCustomizable>
      <BusinessProcessType>0</BusinessProcessType>
      <IsCustomProcessingStepAllowedForOtherPublishers>1</IsCustomProcessingStepAllowedForOtherPublishers>
      <PrimaryEntity>none</PrimaryEntity>
      <LocalizedNames>
        <LocalizedName languagecode="1033" description="Export SPGP" />
      </LocalizedNames>
    </Workflow>
    <Workflow WorkflowId="{8d522c46-5176-ef11-a670-0022489eddc3}" Name="Feedback Details shared by TA to PD Head">
      <JsonFileName>/Workflows/FeedbackDetailssharedbyTAtoPDHead-8D522C46-5176-EF11-A670-0022489EDDC3.json</JsonFileName>
      <Type>1</Type>
      <Subprocess>0</Subprocess>
      <Category>5</Category>
      <Mode>0</Mode>
      <Scope>4</Scope>
      <OnDemand>0</OnDemand>
      <TriggerOnCreate>0</TriggerOnCreate>
      <TriggerOnDelete>0</TriggerOnDelete>
      <AsyncAutodelete>0</AsyncAutodelete>
      <SyncWorkflowLogOnFailure>0</SyncWorkflowLogOnFailure>
      <StateCode>0</StateCode>
      <StatusCode>1</StatusCode>
      <RunAs>1</RunAs>
      <IsTransacted>1</IsTransacted>
      <IntroducedVersion>1.0.0.0</IntroducedVersion>
      <IsCustomizable>1</IsCustomizable>
      <BusinessProcessType>0</BusinessProcessType>
      <IsCustomProcessingStepAllowedForOtherPublishers>1</IsCustomProcessingStepAllowedForOtherPublishers>
      <PrimaryEntity>none</PrimaryEntity>
      <LocalizedNames>
        <LocalizedName languagecode="1033" description="Feedback Details shared by TA to PD Head" />
      </LocalizedNames>
    </Workflow>
    <Workflow WorkflowId="{2f532c46-5176-ef11-a670-0022489eddc3}" Name="Time slot given by PD Head to TA">
      <JsonFileName>/Workflows/TimeslotgivenbyPDHeadtoTA-2F532C46-5176-EF11-A670-0022489EDDC3.json</JsonFileName>
      <Type>1</Type>
      <Subprocess>0</Subprocess>
      <Category>5</Category>
      <Mode>0</Mode>
      <Scope>4</Scope>
      <OnDemand>0</OnDemand>
      <TriggerOnCreate>0</TriggerOnCreate>
      <TriggerOnDelete>0</TriggerOnDelete>
      <AsyncAutodelete>0</AsyncAutodelete>
      <SyncWorkflowLogOnFailure>0</SyncWorkflowLogOnFailure>
      <StateCode>0</StateCode>
      <StatusCode>1</StatusCode>
      <RunAs>1</RunAs>
      <IsTransacted>1</IsTransacted>
      <IntroducedVersion>1.0.0.0</IntroducedVersion>
      <IsCustomizable>1</IsCustomizable>
      <BusinessProcessType>0</BusinessProcessType>
      <IsCustomProcessingStepAllowedForOtherPublishers>1</IsCustomProcessingStepAllowedForOtherPublishers>
      <PrimaryEntity>none</PrimaryEntity>
      <LocalizedNames>
        <LocalizedName languagecode="1033" description="Time slot given by PD Head to TA" />
      </LocalizedNames>
    </Workflow>
    <Workflow WorkflowId="{30532c46-5176-ef11-a670-0022489eddc3}" Name="Email Forward to SP">
      <JsonFileName>/Workflows/EmailForwardtoSP-30532C46-5176-EF11-A670-0022489EDDC3.json</JsonFileName>
      <Type>1</Type>
      <Subprocess>0</Subprocess>
      <Category>5</Category>
      <Mode>0</Mode>
      <Scope>4</Scope>
      <OnDemand>0</OnDemand>
      <TriggerOnCreate>0</TriggerOnCreate>
      <TriggerOnDelete>0</TriggerOnDelete>
      <AsyncAutodelete>0</AsyncAutodelete>
      <SyncWorkflowLogOnFailure>0</SyncWorkflowLogOnFailure>
      <StateCode>0</StateCode>
      <StatusCode>1</StatusCode>
      <RunAs>1</RunAs>
      <IsTransacted>1</IsTransacted>
      <IntroducedVersion>1.0.0.0</IntroducedVersion>
      <IsCustomizable>1</IsCustomizable>
      <BusinessProcessType>0</BusinessProcessType>
      <IsCustomProcessingStepAllowedForOtherPublishers>1</IsCustomProcessingStepAllowedForOtherPublishers>
      <PrimaryEntity>none</PrimaryEntity>
      <LocalizedNames>
        <LocalizedName languagecode="1033" description="Email Forward to SP" />
      </LocalizedNames>
    </Workflow>
    <Workflow WorkflowId="{45532c46-5176-ef11-a670-0022489eddc3}" Name="Demand Form to TA">
      <JsonFileName>/Workflows/DemandFormtoTA-45532C46-5176-EF11-A670-0022489EDDC3.json</JsonFileName>
      <Type>1</Type>
      <Subprocess>0</Subprocess>
      <Category>5</Category>
      <Mode>0</Mode>
      <Scope>4</Scope>
      <OnDemand>0</OnDemand>
      <TriggerOnCreate>0</TriggerOnCreate>
      <TriggerOnDelete>0</TriggerOnDelete>
      <AsyncAutodelete>0</AsyncAutodelete>
      <SyncWorkflowLogOnFailure>0</SyncWorkflowLogOnFailure>
      <StateCode>0</StateCode>
      <StatusCode>1</StatusCode>
      <RunAs>1</RunAs>
      <IsTransacted>1</IsTransacted>
      <IntroducedVersion>1.0.0.0</IntroducedVersion>
      <IsCustomizable>1</IsCustomizable>
      <BusinessProcessType>0</BusinessProcessType>
      <IsCustomProcessingStepAllowedForOtherPublishers>1</IsCustomProcessingStepAllowedForOtherPublishers>
      <PrimaryEntity>none</PrimaryEntity>
      <LocalizedNames>
        <LocalizedName languagecode="1033" description="Demand Form to TA" />
      </LocalizedNames>
    </Workflow>
    <Workflow WorkflowId="{6690e052-5176-ef11-a670-0022489eddc3}" Name="Time Slot ">
      <JsonFileName>/Workflows/TimeSlot-6690E052-5176-EF11-A670-0022489EDDC3.json</JsonFileName>
      <Type>1</Type>
      <Subprocess>0</Subprocess>
      <Category>5</Category>
      <Mode>0</Mode>
      <Scope>4</Scope>
      <OnDemand>0</OnDemand>
      <TriggerOnCreate>0</TriggerOnCreate>
      <TriggerOnDelete>0</TriggerOnDelete>
      <AsyncAutodelete>0</AsyncAutodelete>
      <SyncWorkflowLogOnFailure>0</SyncWorkflowLogOnFailure>
      <StateCode>0</StateCode>
      <StatusCode>1</StatusCode>
      <RunAs>1</RunAs>
      <IsTransacted>1</IsTransacted>
      <IntroducedVersion>1.0.0.0</IntroducedVersion>
      <IsCustomizable>1</IsCustomizable>
      <BusinessProcessType>0</BusinessProcessType>
      <IsCustomProcessingStepAllowedForOtherPublishers>1</IsCustomProcessingStepAllowedForOtherPublishers>
      <PrimaryEntity>none</PrimaryEntity>
      <LocalizedNames>
        <LocalizedName languagecode="1033" description="Time Slot " />
      </LocalizedNames>
    </Workflow>
  </Workflows>
  <FieldSecurityProfiles></FieldSecurityProfiles>
  <Templates />
  <EntityMaps />
  <EntityRelationships />
  <OrganizationSettings />
  <optionsets />
  <CustomControls />
  <EntityDataProviders />
  <CanvasApps>
    <CanvasApp>
      <Name>vwits_finalspgplatest_0794e</Name>
      <AppVersion>2024-10-08T06:00:26Z</AppVersion>
      <Status>Ready</Status>
      <CreatedByClientVersion>3.24094.14.0</CreatedByClientVersion>
      <MinClientVersion>3.24094.14.0</MinClientVersion>
      <Tags>{"primaryDeviceWidth":"1366","primaryDeviceHeight":"768","supportsPortrait":"true","supportsLandscape":"true","primaryFormFactor":"Tablet","showStatusBar":"false","publisherVersion":"3.24094.14","minimumRequiredApiVersion":"2.2.0","hasComponent":"false","hasUnlockedComponent":"false","isUnifiedRootApp":"false","sienaVersion":"20241008T060026Z-3.24094.14.0"}</Tags>
      <IsCdsUpgraded>0</IsCdsUpgraded>
      <GalleryItemId xsi:nil="true"></GalleryItemId>
      <BackgroundColor>RGBA(0,176,240,1)</BackgroundColor>
      <DisplayName>Final SPGP Portal</DisplayName>
      <Description>Final SPGP Portal</Description>
      <CommitMessage xsi:nil="true"></CommitMessage>
      <Publisher xsi:nil="true"></Publisher>
      <AuthorizationReferences>[]</AuthorizationReferences>
      <ConnectionReferences>{"d1cc7f07-7d2f-4950-a2c1-dd1c9613c86c":{"id":"/providers/microsoft.powerapps/apis/shared_office365users","displayName":"Office 365 Users","iconUri":"https://connectoricons-prod.azureedge.net/releases/v1.0.1715/1.0.1715.3906/office365users/icon.png","dataSources":["Office365Users"],"dependencies":[],"dependents":[],"parameterHints":{},"parameterHintsV2":{},"isOnPremiseConnection":false,"bypassConsent":false,"dataSets":{},"apiTier":"Standard","actions":["UserProfile","MyProfile"]},"66ffbe22-a3ef-47ff-a812-d54523e8c757":{"id":"/providers/microsoft.powerapps/apis/shared_sharepointonline","displayName":"SharePoint","iconUri":"https://connectoricons-prod.azureedge.net/u/jayawan/releases/v1.0.1697/1.0.1697.3786/sharepointonline/icon.png","dataSources":["Demand Form-list","Holidays-list","SLA Calculations-list","App Users-list","Feedback from SP Updated-list"],"dependencies":[],"dependents":["4dda89c7-c1b3-40be-9f1a-b57f96133640"],"parameterHints":{},"parameterHintsV2":{},"isOnPremiseConnection":false,"bypassConsent":false,"dataSets":{"https://volkswagengroup.sharepoint.com/sites/s-pportal_vwits_spportal":{"datasetOverride":{"name":"https://volkswagengroup.sharepoint.com/sites/s-pportal","environmentVariableName":"vwits_spportal"},"dataSources":{"Demand Form-list":{"tableName":"619093a3-b12c-428c-a452-e91b40f8853b","tableNameOverride":{"name":"619093a3-b12c-428c-a452-e91b40f8853b","environmentVariableName":"vwits_DemandForm"}},"Holidays-list":{"tableName":"c24cf6b2-34bb-42e7-a803-d5847dcf23e0","tableNameOverride":{"name":"c24cf6b2-34bb-42e7-a803-d5847dcf23e0","environmentVariableName":"vwits_Holidayslist"}},"SLA Calculations-list":{"tableName":"3d9b1e0d-e1f9-4b2d-bbcb-aaa5c4f9c275","tableNameOverride":{"name":"3d9b1e0d-e1f9-4b2d-bbcb-aaa5c4f9c275","environmentVariableName":"vwits_SLACalculationslist"}},"App Users-list":{"tableName":"b47f3d1d-29fb-452b-bca4-54ff747371b1","tableNameOverride":{"name":"b47f3d1d-29fb-452b-bca4-54ff747371b1","environmentVariableName":"vwits_AppUserslist"}},"Feedback from SP Updated-list":{"tableName":"e973d0a8-1d5f-4b6d-916a-7314600c3077","tableNameOverride":{"name":"e973d0a8-1d5f-4b6d-916a-7314600c3077","environmentVariableName":"vwits_FeedbackfromSPUpdated"}}}}},"apiTier":"Standard","actions":["providers/PowerPlatform.Governance/Operations/Read","providers/PowerPlatform.Governance/Operations/Write"]},"4dda89c7-c1b3-40be-9f1a-b57f96133640":{"id":"/providers/microsoft.powerapps/apis/shared_logicflows","displayName":"Logic flows","iconUri":"https://connectoricons-prod.azureedge.net/releases/v1.0.1697/1.0.1697.3784/logicflows/icon.png","dataSources":["ExportSPGP"],"dependencies":["66ffbe22-a3ef-47ff-a812-d54523e8c757","086d8b7e-1958-4d9b-a72c-8e2b13205d80"],"dependents":[],"parameterHints":{"workflowName":{"value":"375a3e73-0ab1-4bf8-85fe-7f469ed1c503"},"workflowEntityId":{"value":"8c522c46-5176-ef11-a670-0022489eddc3"},"workflowDisplayName":{"value":"Export SPGP"},"66ffbe22-a3ef-47ff-a812-d54523e8c757":{"value":"shared_sharepointonline"},"086d8b7e-1958-4d9b-a72c-8e2b13205d80":{"value":"shared_office365"}},"parameterHintsV2":{"workflowName":{"value":"375a3e73-0ab1-4bf8-85fe-7f469ed1c503"},"workflowEntityId":{"value":"8c522c46-5176-ef11-a670-0022489eddc3"},"workflowDisplayName":{"value":"Export SPGP"},"shared_sharepointonline":{"value":"66ffbe22-a3ef-47ff-a812-d54523e8c757"},"shared_office365":{"value":"086d8b7e-1958-4d9b-a72c-8e2b13205d80"}},"isOnPremiseConnection":false,"bypassConsent":false,"dataSets":{},"apiTier":"Standard","actions":["Run"]},"086d8b7e-1958-4d9b-a72c-8e2b13205d80":{"id":"/providers/microsoft.powerapps/apis/shared_office365","displayName":"Office 365 Outlook","iconUri":"https://connectoricons-prod.azureedge.net/releases/v1.0.1716/1.0.1716.3922/office365/icon.png","dataSources":[],"dependencies":[],"dependents":["4dda89c7-c1b3-40be-9f1a-b57f96133640"],"parameterHints":{},"parameterHintsV2":{},"isOnPremiseConnection":false,"bypassConsent":false,"dataSets":{},"apiTier":"Standard"}}</ConnectionReferences>
      <DatabaseReferences>{}</DatabaseReferences>
      <AppComponents>[]</AppComponents>
      <AppComponentDependencies>[]</AppComponentDependencies>
      <CanConsumeAppPass>0</CanConsumeAppPass>
      <CanvasAppType>0</CanvasAppType>
      <BypassConsent>0</BypassConsent>
      <AdminControlBypassConsent>0</AdminControlBypassConsent>
      <EmbeddedApp xsi:nil="true"></EmbeddedApp>
      <IntroducedVersion>1.0</IntroducedVersion>
      <CdsDependencies>{"cdsdependencies":[{"dependencyid":"8c522c46-5176-ef11-a670-0022489eddc3","componenttype":29,"componenttypeplatformname":"Workflow"},{"logicalname":"vwits_spportal","componenttype":380,"componenttypeplatformname":"EnvironmentVariableDefinition"},{"logicalname":"vwits_DemandForm","componenttype":380,"componenttypeplatformname":"EnvironmentVariableDefinition"},{"logicalname":"vwits_Holidayslist","componenttype":380,"componenttypeplatformname":"EnvironmentVariableDefinition"},{"logicalname":"vwits_SLACalculationslist","componenttype":380,"componenttypeplatformname":"EnvironmentVariableDefinition"},{"logicalname":"vwits_AppUserslist","componenttype":380,"componenttypeplatformname":"EnvironmentVariableDefinition"},{"logicalname":"vwits_FeedbackfromSPUpdated","componenttype":380,"componenttypeplatformname":"EnvironmentVariableDefinition"}]}</CdsDependencies>
      <IsCustomizable>1</IsCustomizable>
      <BackgroundImageUri>/CanvasApps/vwits_finalspgplatest_0794e_BackgroundImageUri</BackgroundImageUri>
      <DocumentUri>/CanvasApps/vwits_finalspgplatest_0794e_DocumentUri.msapp</DocumentUri>
      <AdditionalUris>
        <AdditionalUri>/CanvasApps/vwits_finalspgplatest_0794e_AdditionalUris0_identity.json</AdditionalUri>
      </AdditionalUris>
    </CanvasApp>
    <CanvasApp>
      <Name>vwits_finalspgptesting_96da6</Name>
      <AppVersion>2024-09-09T12:21:51Z</AppVersion>
      <Status>Ready</Status>
      <CreatedByClientVersion>3.24084.21.0</CreatedByClientVersion>
      <MinClientVersion>3.24084.21.0</MinClientVersion>
      <Tags>{"primaryDeviceWidth":"1366","primaryDeviceHeight":"768","supportsPortrait":"true","supportsLandscape":"true","primaryFormFactor":"Tablet","showStatusBar":"false","publisherVersion":"3.24084.21","minimumRequiredApiVersion":"2.2.0","hasComponent":"false","hasUnlockedComponent":"false","isUnifiedRootApp":"false","sienaVersion":"20240909T122151Z-3.24084.21.0"}</Tags>
      <IsCdsUpgraded>0</IsCdsUpgraded>
      <GalleryItemId xsi:nil="true"></GalleryItemId>
      <BackgroundColor>RGBA(0,176,240,1)</BackgroundColor>
      <DisplayName>Final SPGP-Testing</DisplayName>
      <Description>Demo version of S P Portal.</Description>
      <CommitMessage xsi:nil="true"></CommitMessage>
      <Publisher xsi:nil="true"></Publisher>
      <AuthorizationReferences>[]</AuthorizationReferences>
      <ConnectionReferences>{"1c1b6167-436f-460a-b8d8-cc5b4a525e66":{"id":"/providers/microsoft.powerapps/apis/shared_sharepointonline","displayName":"SharePoint","iconUri":"https://connectoricons-prod.azureedge.net/u/jayawan/releases/v1.0.1697/1.0.1697.3786/sharepointonline/icon.png","dataSources":["App Users","Demand Form_1","Feedback from SP","Holidays","TAT","SLA Calculations"],"dependencies":[],"dependents":[],"parameterHints":{},"parameterHintsV2":{},"isOnPremiseConnection":false,"bypassConsent":false,"dataSets":{"https://volkswagengroup.sharepoint.com/sites/s-pportal":{"dataSources":{"App Users":{"tableName":"b47f3d1d-29fb-452b-bca4-54ff747371b1"},"Demand Form_1":{"tableName":"619093a3-b12c-428c-a452-e91b40f8853b"},"Feedback from SP":{"tableName":"c2d42b45-8135-43ab-9e05-624302e8cd52"},"Holidays":{"tableName":"c24cf6b2-34bb-42e7-a803-d5847dcf23e0"},"TAT":{"tableName":"8aa4df0c-1b69-4e85-8201-cbb8060c32ea"},"SLA Calculations":{"tableName":"3d9b1e0d-e1f9-4b2d-bbcb-aaa5c4f9c275"}}}},"apiTier":"Standard","actions":["providers/PowerPlatform.Governance/Operations/Read","providers/PowerPlatform.Governance/Operations/Write","providers/PowerPlatform.Governance/Operations/Delete"]},"f8a92c51-178a-44f6-aeb3-2f20cdcb9b91":{"id":"/providers/microsoft.powerapps/apis/shared_logicflows","displayName":"Logic flows","iconUri":"https://connectoricons-prod.azureedge.net/releases/v1.0.1697/1.0.1697.3784/logicflows/icon.png","dataSources":["FeedbackDetailssharedbyTAtoPDHead"],"dependencies":["d89877e3-b9d2-478c-90f5-b67e4cfb5985"],"dependents":[],"parameterHints":{"workflowName":{"value":"98356c87-2b92-42c9-9bba-d00f19fd79d4"},"workflowEntityId":{},"workflowDisplayName":{"value":"Feedback Details shared by TA to PD Head"},"d89877e3-b9d2-478c-90f5-b67e4cfb5985":{"value":"shared_office365"}},"parameterHintsV2":{"workflowName":{"value":"98356c87-2b92-42c9-9bba-d00f19fd79d4"},"workflowEntityId":{},"workflowDisplayName":{"value":"Feedback Details shared by TA to PD Head"},"shared_office365":{"value":"d89877e3-b9d2-478c-90f5-b67e4cfb5985"}},"isOnPremiseConnection":false,"bypassConsent":false,"dataSets":{},"apiTier":"Standard","actions":["Run"]},"d89877e3-b9d2-478c-90f5-b67e4cfb5985":{"id":"/providers/microsoft.powerapps/apis/shared_office365","displayName":"Office 365 Outlook","iconUri":"https://connectoricons-prod.azureedge.net/releases/v1.0.1686/1.0.1686.3706/office365/icon.png","dataSources":[],"dependencies":[],"dependents":["f8a92c51-178a-44f6-aeb3-2f20cdcb9b91","a354eece-08e6-4caf-96c0-3c970b339494","edcc8829-bfb5-431d-ac70-25b601840a99","6d6fd2d0-6132-4c18-9790-d2990a8d8b8a","3df8cdf1-f67c-4e47-bbeb-6e0e6c3a7f6f","1ac1aaac-c8f7-46f1-96ec-8f983c4d3543","8c55fff7-decc-4066-9bea-d64257a143fe"],"parameterHints":{},"parameterHintsV2":{},"isOnPremiseConnection":false,"bypassConsent":false,"dataSets":{},"apiTier":"Standard"},"a354eece-08e6-4caf-96c0-3c970b339494":{"id":"/providers/microsoft.powerapps/apis/shared_logicflows","displayName":"Logic flows","iconUri":"https://connectoricons-prod.azureedge.net/releases/v1.0.1697/1.0.1697.3784/logicflows/icon.png","dataSources":["EditfromTAflow"],"dependencies":["d89877e3-b9d2-478c-90f5-b67e4cfb5985"],"dependents":[],"parameterHints":{"workflowName":{"value":"ca1164f8-c27c-454c-8ab9-91446c7651f5"},"workflowEntityId":{},"workflowDisplayName":{"value":"Edit from TA flow"},"d89877e3-b9d2-478c-90f5-b67e4cfb5985":{"value":"shared_office365"}},"parameterHintsV2":{"workflowName":{"value":"ca1164f8-c27c-454c-8ab9-91446c7651f5"},"workflowEntityId":{},"workflowDisplayName":{"value":"Edit from TA flow"},"shared_office365":{"value":"d89877e3-b9d2-478c-90f5-b67e4cfb5985"}},"isOnPremiseConnection":false,"bypassConsent":false,"dataSets":{},"apiTier":"Standard","actions":["Run"]},"edcc8829-bfb5-431d-ac70-25b601840a99":{"id":"/providers/microsoft.powerapps/apis/shared_logicflows","displayName":"Logic flows","iconUri":"https://connectoricons-prod.azureedge.net/releases/v1.0.1697/1.0.1697.3784/logicflows/icon.png","dataSources":["TimeslotgivenbyPDHeadtoTA"],"dependencies":["d89877e3-b9d2-478c-90f5-b67e4cfb5985"],"dependents":[],"parameterHints":{"workflowName":{"value":"524378e1-7461-4b91-9f67-801be9a3d923"},"workflowEntityId":{},"workflowDisplayName":{"value":"Time slot given by PD Head to TA"},"d89877e3-b9d2-478c-90f5-b67e4cfb5985":{"value":"shared_office365"}},"parameterHintsV2":{"workflowName":{"value":"524378e1-7461-4b91-9f67-801be9a3d923"},"workflowEntityId":{},"workflowDisplayName":{"value":"Time slot given by PD Head to TA"},"shared_office365":{"value":"d89877e3-b9d2-478c-90f5-b67e4cfb5985"}},"isOnPremiseConnection":false,"bypassConsent":false,"dataSets":{},"apiTier":"Standard","actions":["Run"]},"6d6fd2d0-6132-4c18-9790-d2990a8d8b8a":{"id":"/providers/microsoft.powerapps/apis/shared_logicflows","displayName":"Logic flows","iconUri":"https://connectoricons-prod.azureedge.net/releases/v1.0.1697/1.0.1697.3784/logicflows/icon.png","dataSources":["EditfromPMOflow"],"dependencies":["d89877e3-b9d2-478c-90f5-b67e4cfb5985"],"dependents":[],"parameterHints":{"workflowName":{"value":"826083d3-80ce-4dd1-afc4-744048691ce8"},"workflowEntityId":{},"workflowDisplayName":{"value":"Edit from PMO flow "},"d89877e3-b9d2-478c-90f5-b67e4cfb5985":{"value":"shared_office365"}},"parameterHintsV2":{"workflowName":{"value":"826083d3-80ce-4dd1-afc4-744048691ce8"},"workflowEntityId":{},"workflowDisplayName":{"value":"Edit from PMO flow "},"shared_office365":{"value":"d89877e3-b9d2-478c-90f5-b67e4cfb5985"}},"isOnPremiseConnection":false,"bypassConsent":false,"dataSets":{},"apiTier":"Standard","actions":["Run"]},"3df8cdf1-f67c-4e47-bbeb-6e0e6c3a7f6f":{"id":"/providers/microsoft.powerapps/apis/shared_logicflows","displayName":"Logic flows","iconUri":"https://connectoricons-prod.azureedge.net/releases/v1.0.1697/1.0.1697.3784/logicflows/icon.png","dataSources":["EditfromPDflow"],"dependencies":["d89877e3-b9d2-478c-90f5-b67e4cfb5985"],"dependents":[],"parameterHints":{"workflowName":{"value":"229a7c93-bd76-4744-b2ca-58009e029647"},"workflowEntityId":{},"workflowDisplayName":{"value":"Edit from PD flow"},"d89877e3-b9d2-478c-90f5-b67e4cfb5985":{"value":"shared_office365"}},"parameterHintsV2":{"workflowName":{"value":"229a7c93-bd76-4744-b2ca-58009e029647"},"workflowEntityId":{},"workflowDisplayName":{"value":"Edit from PD flow"},"shared_office365":{"value":"d89877e3-b9d2-478c-90f5-b67e4cfb5985"}},"isOnPremiseConnection":false,"bypassConsent":false,"dataSets":{},"apiTier":"Standard","actions":["Run"]},"1ac1aaac-c8f7-46f1-96ec-8f983c4d3543":{"id":"/providers/microsoft.powerapps/apis/shared_logicflows","displayName":"Logic flows","iconUri":"https://connectoricons-prod.azureedge.net/releases/v1.0.1697/1.0.1697.3784/logicflows/icon.png","dataSources":["DemandFormtoTA"],"dependencies":["d89877e3-b9d2-478c-90f5-b67e4cfb5985"],"dependents":[],"parameterHints":{"workflowName":{"value":"d6472c2e-7021-41ea-8efd-7718292316c4"},"workflowEntityId":{},"workflowDisplayName":{"value":"Demand Form to TA"},"d89877e3-b9d2-478c-90f5-b67e4cfb5985":{"value":"shared_office365"}},"parameterHintsV2":{"workflowName":{"value":"d6472c2e-7021-41ea-8efd-7718292316c4"},"workflowEntityId":{},"workflowDisplayName":{"value":"Demand Form to TA"},"shared_office365":{"value":"d89877e3-b9d2-478c-90f5-b67e4cfb5985"}},"isOnPremiseConnection":false,"bypassConsent":false,"dataSets":{},"apiTier":"Standard","actions":["Run"]},"d1cc7f07-7d2f-4950-a2c1-dd1c9613c86c":{"id":"/providers/microsoft.powerapps/apis/shared_office365users","displayName":"Office 365 Users","iconUri":"https://connectoricons-prod.azureedge.net/releases/v1.0.1702/1.0.1702.3810/office365users/icon.png","dataSources":["Office365Users"],"dependencies":[],"dependents":[],"parameterHints":{},"parameterHintsV2":{},"isOnPremiseConnection":false,"bypassConsent":false,"dataSets":{},"apiTier":"Standard","actions":["MyProfile"]},"8c55fff7-decc-4066-9bea-d64257a143fe":{"id":"/providers/microsoft.powerapps/apis/shared_logicflows","displayName":"Logic flows","iconUri":"https://connectoricons-prod.azureedge.net/releases/v1.0.1697/1.0.1697.3784/logicflows/icon.png","dataSources":["ExportSPGP"],"dependencies":["3fdcf193-b06b-4daf-93ed-bc9d9b4fa5df","d89877e3-b9d2-478c-90f5-b67e4cfb5985"],"dependents":[],"parameterHints":{"workflowName":{"value":"308ff890-4164-414e-827a-a182573474b4"},"workflowEntityId":{},"workflowDisplayName":{"value":"Export SPGP"},"3fdcf193-b06b-4daf-93ed-bc9d9b4fa5df":{"value":"shared_sharepointonline"},"d89877e3-b9d2-478c-90f5-b67e4cfb5985":{"value":"shared_office365"}},"parameterHintsV2":{"workflowName":{"value":"308ff890-4164-414e-827a-a182573474b4"},"workflowEntityId":{},"workflowDisplayName":{"value":"Export SPGP"},"shared_sharepointonline":{"value":"3fdcf193-b06b-4daf-93ed-bc9d9b4fa5df"},"shared_office365":{"value":"d89877e3-b9d2-478c-90f5-b67e4cfb5985"}},"isOnPremiseConnection":false,"bypassConsent":false,"dataSets":{},"apiTier":"Standard","actions":["Run"]},"3fdcf193-b06b-4daf-93ed-bc9d9b4fa5df":{"id":"/providers/microsoft.powerapps/apis/shared_sharepointonline","displayName":"SharePoint","iconUri":"https://connectoricons-prod.azureedge.net/u/jayawan/releases/v1.0.1697/1.0.1697.3786/sharepointonline/icon.png","dataSources":[],"dependencies":[],"dependents":["8c55fff7-decc-4066-9bea-d64257a143fe"],"parameterHints":{},"parameterHintsV2":{},"isOnPremiseConnection":false,"bypassConsent":false,"dataSets":{},"apiTier":"Standard"}}</ConnectionReferences>
      <DatabaseReferences>{}</DatabaseReferences>
      <AppComponents>[]</AppComponents>
      <AppComponentDependencies>[]</AppComponentDependencies>
      <CanConsumeAppPass>0</CanConsumeAppPass>
      <CanvasAppType>0</CanvasAppType>
      <BypassConsent>0</BypassConsent>
      <AdminControlBypassConsent>0</AdminControlBypassConsent>
      <EmbeddedApp xsi:nil="true"></EmbeddedApp>
      <IntroducedVersion>1.0</IntroducedVersion>
      <CdsDependencies>{"cdsdependencies":[]}</CdsDependencies>
      <IsCustomizable>1</IsCustomizable>
      <BackgroundImageUri>/CanvasApps/vwits_finalspgptesting_96da6_BackgroundImageUri</BackgroundImageUri>
      <DocumentUri>/CanvasApps/vwits_finalspgptesting_96da6_DocumentUri.msapp</DocumentUri>
      <AdditionalUris>
        <AdditionalUri>/CanvasApps/vwits_finalspgptesting_96da6_AdditionalUris0_identity.json</AdditionalUri>
      </AdditionalUris>
    </CanvasApp>
  </CanvasApps>
  <connectionreferences>
    <connectionreference connectionreferencelogicalname="vwits_sharedoffice365_78a2a">
      <connectionreferencedisplayname>Office 365 Outlook StrategicPartnerGovernancePortal-78a2a</connectionreferencedisplayname>
      <connectorid>/providers/Microsoft.PowerApps/apis/shared_office365</connectorid>
      <iscustomizable>1</iscustomizable>
      <statecode>0</statecode>
      <statuscode>1</statuscode>
    </connectionreference>
    <connectionreference connectionreferencelogicalname="vwits_sharedsharepointonline_d11ab">
      <connectionreferencedisplayname>SharePoint StrategicPartnerGovernancePortal-d11ab</connectionreferencedisplayname>
      <connectorid>/providers/Microsoft.PowerApps/apis/shared_sharepointonline</connectorid>
      <iscustomizable>1</iscustomizable>
      <statecode>0</statecode>
      <statuscode>1</statuscode>
    </connectionreference>
  </connectionreferences>
  <Languages>
    <Language>1033</Language>
  </Languages>
</ImportExportXml>