{"name":"3ae8486a-f0fe-462b-8443-65cf214b978e","id":"/providers/Microsoft.Flow/flows/3ae8486a-f0fe-462b-8443-65cf214b978e","type":"Microsoft.Flow/flows","properties":{"apiId":"/providers/Microsoft.PowerApps/apis/shared_logicflows","displayName":"Demand Form to SPs via TA","definition":{"metadata":{"workflowEntityId":null,"processAdvisorMetadata":null,"flowChargedByPaygo":null,"flowclientsuspensionreason":"NeverTriggeringDetected","flowclientsuspensiontime":"2025-08-18T21:48:02.4170265Z","flowclientsuspensionreasondetails":"Flow has not ran at all in the past 90 days. Disabled it on 6/16/2025 9:17:05 PM.","creator":{"id":"df20e452-b97f-4bd1-b2ed-02f99abdc23b","type":"User","tenantId":"2882be50-2012-4d88-ac86-544124e120c8"},"provisioningMethod":"FromDefinition","failureAlertSubscription":true,"clientLastModifiedTime":"2024-10-05T11:55:13.2595883Z","connectionKeySavedTimeKey":"2025-08-18T21:48:02.4170265Z","creationSource":null,"statusBeforeLastSuspension":"Enabled"},"$schema":"https://schema.management.azure.com/providers/Microsoft.Logic/schemas/2016-06-01/workflowdefinition.json#","contentVersion":"1.0.0.0","parameters":{"$connections":{"defaultValue":{},"type":"Object"},"$authentication":{"defaultValue":{},"type":"SecureObject"}},"triggers":{"When_an_item_is_created":{"recurrence":{"frequency":"Minute","interval":5},"splitOn":"@triggerOutputs()?['body/value']","metadata":{"operationMetadataId":"b5b3fe37-161f-4f04-a4c6-a0da40873f4a"},"type":"OpenApiConnection","inputs":{"host":{"apiId":"/providers/Microsoft.PowerApps/apis/shared_sharepointonline","connectionName":"shared_sharepointonline","operationId":"GetOnNewItems"},"parameters":{"dataset":"https://volkswagengroup.sharepoint.com/sites/s-pportal","table":"619093a3-b12c-428c-a452-e91b40f8853b"},"authentication":"@parameters('$authentication')"}}},"actions":{"Initialize_variable_2":{"runAfter":{},"metadata":{"operationMetadataId":"d64d9f9e-d36d-40c9-97d2-87809fd55632"},"type":"InitializeVariable","inputs":{"variables":[{"name":"PreviouseStep","type":"string"}]}},"Condition":{"actions":{"Do_until_2":{"actions":{},"runAfter":{},"expression":"@equals(variables('PreviouseStep'), '\"Candidate Evaluation Process\"')","limit":{"count":5,"timeout":"PT1H"},"metadata":{"operationMetadataId":"08c31209-33f6-4c85-94b6-fdb2a4038ad7"},"type":"Until"},"Get_attachments":{"runAfter":{"Do_until_2":["Succeeded"]},"metadata":{"operationMetadataId":"8512786b-eb6a-4cd6-b30e-1fa376af9095"},"type":"OpenApiConnection","inputs":{"host":{"apiId":"/providers/Microsoft.PowerApps/apis/shared_sharepointonline","connectionName":"shared_sharepointonline","operationId":"GetItemAttachments"},"parameters":{"dataset":"https://volkswagengroup.sharepoint.com/sites/s-pportal","table":"619093a3-b12c-428c-a452-e91b40f8853b","itemId":"@triggerOutputs()?['body/ID']"},"authentication":"@parameters('$authentication')"}},"Apply_to_each":{"foreach":"@body('Get_attachments')","actions":{"Get_attachment_content":{"runAfter":{},"metadata":{"operationMetadataId":"bfee2890-8c6f-41cc-ac03-a8fd3ab71751"},"type":"OpenApiConnection","inputs":{"host":{"apiId":"/providers/Microsoft.PowerApps/apis/shared_sharepointonline","connectionName":"shared_sharepointonline","operationId":"GetAttachmentContent"},"parameters":{"dataset":"https://volkswagengroup.sharepoint.com/sites/s-pportal","table":"619093a3-b12c-428c-a452-e91b40f8853b","itemId":"@triggerOutputs()?['body/ID']","attachmentId":"@item()?['Id']"},"authentication":"@parameters('$authentication')"}},"Set_variable_2":{"runAfter":{"Get_attachment_content":["Succeeded"]},"metadata":{"operationMetadataId":"9e4cbe16-b47d-4799-a273-13c86e046672"},"type":"SetVariable","inputs":{"name":"PreviouseStep","value":"TA Approval Pending"}},"Send_an_email_(V2)_2":{"runAfter":{"Set_variable_2":["Succeeded"]},"metadata":{"operationMetadataId":"271fd113-0eeb-4850-a5c3-2f1375c4ce66"},"type":"OpenApiConnection","inputs":{"host":{"apiId":"/providers/Microsoft.PowerApps/apis/shared_office365","connectionName":"shared_office365_1","operationId":"SendEmailV2"},"parameters":{"emailMessage/To":"satyam.mishra@volkswagen.co.in;SGPGPORTAL@volkswagen.co.in","emailMessage/Subject":"New Strategic Partner Demand – Position ID :  @{triggerOutputs()?['body/PositionID']}","emailMessage/Body":"<p>Hello Team,<br>\n<br>\nWe have a new requirement. &nbsp;<br>\nPlease find below details and attached Job Description for your reference.<br>\n<br>\nJob Description: @{triggerOutputs()?['body/Title']}<br>\nPrimary Skills : @{triggerOutputs()?['body/Primary_x0020_Skill']}<br>\nSecondary Skills : @{triggerOutputs()?['body/Secondary_x0020_skills']}<br>\nDuration: @{triggerOutputs()?['body/Duration/Value']}<br>\nLevel: @{triggerOutputs()?['body/ResourceLevel/Value']}<br>\nLocation : @{triggerOutputs()?['body/Location/Value']}<br>\n<br>\nTAT to share Profiles : @{triggerOutputs()?['body/TATAccept_x0020_and_x0020_Demand']}<br>\n<br>\nPlease make a note, profiles shared after given TAT will not be accpeted.<br>\n<br>\n<br>\nRegards,<br>\nStrategic Partner Demand Management System<br>\n</p>","emailMessage/Attachments":[{"Name":"@items('Apply_to_each')?['DisplayName']","ContentBytes":"@body('Get_attachment_content')"}],"emailMessage/Importance":"High"},"authentication":"@parameters('$authentication')"}},"Send_an_email_(V2)":{"runAfter":{"Send_an_email_(V2)_3":["Succeeded"]},"metadata":{"operationMetadataId":"63659506-a805-4a2d-b12d-df23408de75e"},"type":"OpenApiConnection","inputs":{"host":{"apiId":"/providers/Microsoft.PowerApps/apis/shared_office365","connectionName":"shared_office365_1","operationId":"SendEmailV2"},"parameters":{"emailMessage/To":"@triggerOutputs()?['body/Author/Email']","emailMessage/Subject":"Demand status changed – Position ID : @{triggerOutputs()?['body/PositionID']}","emailMessage/Body":"<p>Hi @{triggerOutputs()?['body/Createdby']},<br>\n<br>\nDemand has been Accepted by Talent Manager and JD shared with Strategic Partners.<br>\nPosition ID : @{triggerOutputs()?['body/PositionID']}<br>\n<br>\n<em>This is a system generated email. Please do not reply to this email.</em><br>\n<br>\nRegards,<br>\nStrategic Partner Demand Management System<br>\n</p>","emailMessage/Importance":"Normal"},"authentication":"@parameters('$authentication')"}},"Send_an_email_(V2)_3":{"runAfter":{"Send_an_email_(V2)_2":["Succeeded"]},"metadata":{"operationMetadataId":"3a199274-9d8f-481a-a2f8-5ef068623378"},"type":"OpenApiConnection","inputs":{"host":{"apiId":"/providers/Microsoft.PowerApps/apis/shared_office365","connectionName":"shared_office365_1","operationId":"SendEmailV2"},"parameters":{"emailMessage/To":"satyam.mishra@volkswagen.co.in","emailMessage/Subject":"New Strategic Partner Demand – Position ID : @{triggerOutputs()?['body/PositionID']}","emailMessage/Body":"<p>Hello Team,<br>\n<br>\nNew Strategic Partner demand has been created.<br>\nPosition ID :@{triggerOutputs()?['body/PositionID']}<br>\nDepartment Name:@{triggerOutputs()?['body/Department']}<br>\nDemand Raised by :@{triggerOutputs()?['body/Createdby']}<br>\n<br>\n<a href=\"https://apps.powerapps.com/play/e/default-2882be50-2012-4d88-ac86-544124e120c8/a/e91ab347-1a43-444e-b5c9-8276f6e192c1?tenantId=2882be50-2012-4d88-ac86-544124e120c8&amp;hint=007280a6-e309-42e9-989a-702f5d02a772&amp;sourcetime=1720531334275&amp;Postion ID from R360 =\">Please Take Action</a>&gt;<br>\n<br>\n<em>This is a system generated email. Please do not reply to this email.</em><br>\n<br>\nRegards,<br>\nStrategic Partner Demand Management System<br>\n</p>","emailMessage/Importance":"Normal"},"authentication":"@parameters('$authentication')"}}},"runAfter":{"Get_attachments":["Succeeded"]},"metadata":{"operationMetadataId":"af8a5123-0f4f-400a-b6b1-98639e55dc1f"},"type":"Foreach"},"Terminate_2":{"runAfter":{"Apply_to_each":["Succeeded"]},"metadata":{"operationMetadataId":"712a0a3c-7aa8-4a4d-87c9-477e1bf0a6d4"},"type":"Terminate","inputs":{"runStatus":"Succeeded"}}},"runAfter":{"Initialize_variable_2":["Succeeded"]},"expression":{"equals":["@triggerOutputs()?['body/TalentManagerApproval/Value']","Candidate Evaluation Process"]},"metadata":{"operationMetadataId":"946b82f4-d8f5-428e-b634-eae067e44012"},"type":"If"}},"outputs":{}},"connectionReferences":{"shared_sharepointonline":{"connectionName":"b7e7b267245449f5b33b639cd2c62eba","source":"Embedded","id":"/providers/Microsoft.PowerApps/apis/shared_sharepointonline","tier":"NotSpecified","apiName":"sharepointonline","isProcessSimpleApiReferenceConversionAlreadyDone":false},"shared_office365_1":{"connectionName":"shared-office365-43c9c8b6-8431-420e-b6e9-b78878fc30f4","source":"Embedded","id":"/providers/Microsoft.PowerApps/apis/shared_office365","tier":"NotSpecified","apiName":"office365","isProcessSimpleApiReferenceConversionAlreadyDone":false}},"flowFailureAlertSubscribed":false,"isManaged":false}}