{
  "properties": {
    "connectionReferences": {
      "shared_office365": {
        "runtimeSource": "embedded",
        "connection": {
          "connectionReferenceLogicalName": "vwits_sharedoffice365_78a2a"
        },
        "api": {
          "name": "shared_office365"
        }
      },
      "shared_sharepointonline": {
        "runtimeSource": "embedded",
        "connection": {
          "connectionReferenceLogicalName": "vwits_sharedsharepointonline_d11ab"
        },
        "api": {
          "name": "shared_sharepointonline"
        }
      }
    },
    "definition": {
      "$schema": "https://schema.management.azure.com/providers/Microsoft.Logic/schemas/2016-06-01/workflowdefinition.json#",
      "contentVersion": "undefined",
      "parameters": {
        "$connections": {
          "defaultValue": {},
          "type": "Object"
        },
        "$authentication": {
          "defaultValue": {},
          "type": "SecureObject"
        }
      },
      "triggers": {
        "When_an_item_is_created": {
          "recurrence": {
            "interval": 1,
            "frequency": "Minute"
          },
          "splitOn": "@triggerOutputs()?['body/value']",
          "metadata": {
            "operationMetadataId": "5e6116af-0700-48cb-9bc0-9f7c56b59d7e"
          },
          "type": "OpenApiConnection",
          "inputs": {
            "host": {
              "apiId": "/providers/Microsoft.PowerApps/apis/shared_sharepointonline",
              "connectionName": "shared_sharepointonline",
              "operationId": "GetOnNewItems"
            },
            "parameters": {
              "dataset": "https://volkswagengroup.sharepoint.com/sites/s-pportal",
              "table": "619093a3-b12c-428c-a452-e91b40f8853b"
            },
            "authentication": "@parameters('$authentication')"
          }
        }
      },
      "actions": {
        "Send_an_email_(V2)_2": {
          "runAfter": {},
          "metadata": {
            "operationMetadataId": "3a199274-9d8f-481a-a2f8-5ef068623378"
          },
          "type": "OpenApiConnection",
          "inputs": {
            "host": {
              "apiId": "/providers/Microsoft.PowerApps/apis/shared_office365",
              "connectionName": "shared_office365",
              "operationId": "SendEmailV2"
            },
            "parameters": {
              "emailMessage/To": "satyam.mishra@volkswagen.co.in;abhimanyu.jori@volkswagen.co.in;mukesh.sabre@volkswagen.co.in",
              "emailMessage/Subject": "New Strategic Partner Demand – Position ID : @{triggerOutputs()?['body/PositionID']}",
              "emailMessage/Body": "<p>Hello Team,<br>\n<br>\nNew Strategic Partner demand has been created.<br>\nPosition ID :@{triggerOutputs()?['body/PositionID']}<br>\nDepartment Name:@{triggerOutputs()?['body/Department']}<br>\nDemand Raised by :@{triggerOutputs()?['body/Createdby']}<br>\n<br>\n<a href=\"https://apps.powerapps.com/play/e/default-2882be50-2012-4d88-ac86-544124e120c8/a/e91ab347-1a43-444e-b5c9-8276f6e192c1?tenantId=2882be50-2012-4d88-ac86-544124e120c8&amp;hint=007280a6-e309-42e9-989a-702f5d02a772&amp;sourcetime=1720531334275&amp;Postion ID from R360 =\">Please Take Action</a>&gt;<br>\n<br>\n<em>This is a system generated email. Please do not reply to this email.</em><br>\n<br>\nRegards,<br>\nStrategic Partner Demand Management System<br>\n</p>",
              "emailMessage/Importance": "Normal"
            },
            "authentication": "@parameters('$authentication')"
          }
        },
        "Terminate": {
          "runAfter": {
            "Send_an_email_(V2)_2": [
              "Succeeded"
            ]
          },
          "metadata": {
            "operationMetadataId": "a84f2f5e-72a7-4090-82d1-66193a012b35"
          },
          "type": "Terminate",
          "inputs": {
            "runStatus": "Succeeded"
          }
        }
      }
    },
    "templateName": null
  },
  "schemaVersion": "1.0.0.0"
}