{
  "properties": {
    "connectionReferences": {
      "shared_office365": {
        "runtimeSource": "embedded",
        "connection": {
          "connectionReferenceLogicalName": "vwits_sharedoffice365_78a2a"
        },
        "api": {
          "name": "shared_office365"
        }
      },
      "shared_sharepointonline": {
        "runtimeSource": "embedded",
        "connection": {
          "connectionReferenceLogicalName": "vwits_sharedsharepointonline_d11ab"
        },
        "api": {
          "name": "shared_sharepointonline"
        }
      }
    },
    "definition": {
      "$schema": "https://schema.management.azure.com/providers/Microsoft.Logic/schemas/2016-06-01/workflowdefinition.json#",
      "contentVersion": "1.0.0.0",
      "parameters": {
        "$connections": {
          "defaultValue": {},
          "type": "Object"
        },
        "$authentication": {
          "defaultValue": {},
          "type": "SecureObject"
        }
      },
      "triggers": {
        "When_an_item_is_created_or_modified": {
          "recurrence": {
            "interval": 1,
            "frequency": "Minute"
          },
          "splitOn": "@triggerOutputs()?['body/value']",
          "metadata": {
            "operationMetadataId": "8ca6a15d-094a-4f36-b0c0-e7dbd5ec2871"
          },
          "type": "OpenApiConnection",
          "inputs": {
            "host": {
              "connectionName": "shared_sharepointonline",
              "operationId": "GetOnUpdatedItems",
              "apiId": "/providers/Microsoft.PowerApps/apis/shared_sharepointonline"
            },
            "parameters": {
              "dataset": "https://volkswagengroup.sharepoint.com/sites/s-pportal",
              "table": "619093a3-b12c-428c-a452-e91b40f8853b"
            },
            "authentication": "@parameters('$authentication')"
          }
        }
      },
      "actions": {
        "Condition": {
          "actions": {
            "Send_an_email_(V2)_2": {
              "runAfter": {},
              "metadata": {
                "operationMetadataId": "6c6b9af9-2aa2-44bc-bbca-8ced23472efe"
              },
              "type": "OpenApiConnection",
              "inputs": {
                "host": {
                  "connectionName": "shared_office365",
                  "operationId": "SendEmailV2",
                  "apiId": "/providers/Microsoft.PowerApps/apis/shared_office365"
                },
                "parameters": {
                  "emailMessage/To": "satyam.mishra@volkswagen.co.in;mukesh.chawla@volkswagen.co.in;abhimanyu.jori@volkswagen.co.in",
                  "emailMessage/Subject": "Demand status changed – Position ID : @{triggerOutputs()?['body/PositionID']}",
                  "emailMessage/Body": "<p class=\"editor-paragraph\">Hello Team,</p><p class=\"editor-paragraph\"><br>Demand status has been changed to Talent Manager - Profile Screening.<br>Position ID :@{triggerOutputs()?['body/PositionID']}<br>TAT :@{triggerOutputs()?['body/TATProfile_x0020_Screening']}</p><p class=\"editor-paragraph\"><br><a class=\"editor-link\" href=\"https://apps.powerapps.com/play/e/default-2882be50-2012-4d88-ac86-544124e120c8/a/e91ab347-1a43-444e-b5c9-8276f6e192c1?tenantId=2882be50-2012-4d88-ac86-544124e120c8&amp;hint=007280a6-e309-42e9-989a-702f5d02a772&amp;sourcetime=1720531334275&amp;Postion ID from R360 =\">Please Take Action</a>&gt;</p><br><p class=\"editor-paragraph\"><i><em class=\"editor-text-italic\">This is a system generated email. Please do not reply to this email.</em></i></p><p class=\"editor-paragraph\"><br>Regards,<br>Strategic Partner Demand Management System</p>",
                  "emailMessage/Importance": "Normal"
                },
                "authentication": "@parameters('$authentication')"
              }
            }
          },
          "runAfter": {},
          "else": {
            "actions": {
              "Condition_5": {
                "actions": {
                  "Send_an_email_(V2)_5": {
                    "runAfter": {},
                    "metadata": {
                      "operationMetadataId": "64d6199e-4146-4fe0-a131-e814939af36b"
                    },
                    "type": "OpenApiConnection",
                    "inputs": {
                      "host": {
                        "connectionName": "shared_office365",
                        "operationId": "SendEmailV2",
                        "apiId": "/providers/Microsoft.PowerApps/apis/shared_office365"
                      },
                      "parameters": {
                        "emailMessage/To": "satyam.mishra@volkswagen.co.in;abhimanyu.jori@volkswagen.co.in",
                        "emailMessage/Subject": "Demand status changed – Position ID :  @{triggerOutputs()?['body/PositionID']}",
                        "emailMessage/Body": "<p class=\"editor-paragraph\">Hello Team,</p><p class=\"editor-paragraph\"><br>Following demand has been Cancelled.<br>Position ID :@{triggerOutputs()?['body/PositionID']}</p><p class=\"editor-paragraph\"><br><a class=\"editor-link\" href=\"https://apps.powerapps.com/play/e/default-2882be50-2012-4d88-ac86-544124e120c8/a/e91ab347-1a43-444e-b5c9-8276f6e192c1?tenantId=2882be50-2012-4d88-ac86-544124e120c8&amp;hint=007280a6-e309-42e9-989a-702f5d02a772&amp;sourcetime=1720531334275&amp;Postion ID from R360 =\">Please Take Action</a>&gt;</p><br><p class=\"editor-paragraph\"><i><em class=\"editor-text-italic\">This is a system generated email. Please do not reply to this email.</em></i><br><br>Regards,<br>Strategic Partner Demand Management System</p><br>",
                        "emailMessage/Importance": "High"
                      },
                      "authentication": "@parameters('$authentication')"
                    }
                  }
                },
                "runAfter": {},
                "else": {
                  "actions": {
                    "Condition_6": {
                      "actions": {
                        "Send_an_email_(V2)_6": {
                          "runAfter": {},
                          "metadata": {
                            "operationMetadataId": "6c6b9af9-2aa2-44bc-bbca-8ced23472efe"
                          },
                          "type": "OpenApiConnection",
                          "inputs": {
                            "host": {
                              "connectionName": "shared_office365",
                              "operationId": "SendEmailV2",
                              "apiId": "/providers/Microsoft.PowerApps/apis/shared_office365"
                            },
                            "parameters": {
                              "emailMessage/To": "satyam.mishra@volkswagen.co.in;abhimanyu.jori@volkswagen.co.in",
                              "emailMessage/Subject": "Demand status changed – Position ID : @{triggerOutputs()?['body/PositionID']}",
                              "emailMessage/Body": "<p class=\"editor-paragraph\">Hello Team,<br><br>Demand status has been changed to SC &amp; PO creation to be initiated.<br>Position ID :@{triggerOutputs()?['body/PositionID']}<br>TAT :@{triggerOutputs()?['body/TATRequested_x0020_for_x0020_SC_']}</p><p class=\"editor-paragraph\"><br>Please download the SOW from application and initiate SC and PO creation process.<br><br><a class=\"editor-link\" href=\"https://apps.powerapps.com/play/e/default-2882be50-2012-4d88-ac86-544124e120c8/a/e91ab347-1a43-444e-b5c9-8276f6e192c1?tenantId=2882be50-2012-4d88-ac86-544124e120c8&amp;hint=007280a6-e309-42e9-989a-702f5d02a772&amp;sourcetime=1720531334275&amp;Postion ID from R360 =\">Please Take Action</a>&gt;</p><br><p class=\"editor-paragraph\"><i><em class=\"editor-text-italic\">This is a system generated email. Please do not reply to this email.</em></i></p><p class=\"editor-paragraph\"><br>Regards,<br>Strategic Partner Demand Management System</p>",
                              "emailMessage/Importance": "Normal"
                            },
                            "authentication": "@parameters('$authentication')"
                          }
                        }
                      },
                      "runAfter": {},
                      "else": {
                        "actions": {
                          "Condition_7": {
                            "actions": {
                              "Send_an_email_(V2)_7": {
                                "runAfter": {},
                                "metadata": {
                                  "operationMetadataId": "6c6b9af9-2aa2-44bc-bbca-8ced23472efe"
                                },
                                "type": "OpenApiConnection",
                                "inputs": {
                                  "host": {
                                    "connectionName": "shared_office365",
                                    "operationId": "SendEmailV2",
                                    "apiId": "/providers/Microsoft.PowerApps/apis/shared_office365"
                                  },
                                  "parameters": {
                                    "emailMessage/To": "satyam.mishra@volkswagen.co.in;abhimanyu.jori@volkswagen.co.in",
                                    "emailMessage/Subject": "Demand status changed – Position ID :@{triggerOutputs()?['body/PositionID']}",
                                    "emailMessage/Body": "<p class=\"editor-paragraph\">Hello Team,</p><p class=\"editor-paragraph\"><br>Demand status has been changed to Profiles shared with Delivery Team.<br>Position ID :@{triggerOutputs()?['body/PositionID']}<br>TAT : @{triggerBody()?['TATProfiles_x0020_shared_x0020_w']}<br><br><a class=\"editor-link\" href=\"https://apps.powerapps.com/play/e/default-2882be50-2012-4d88-ac86-544124e120c8/a/e91ab347-1a43-444e-b5c9-8276f6e192c1?tenantId=2882be50-2012-4d88-ac86-544124e120c8&amp;hint=007280a6-e309-42e9-989a-702f5d02a772&amp;sourcetime=1720531334275&amp;Postion ID from R360 =\">Please Take Action</a>&gt;</p><br><p class=\"editor-paragraph\"><i><em class=\"editor-text-italic\">This is a system generated email. Please do not reply to this email.</em></i><br><br>Regards,<br>Strategic Partner Demand Management System</p>",
                                    "emailMessage/Importance": "Normal"
                                  },
                                  "authentication": "@parameters('$authentication')"
                                }
                              }
                            },
                            "runAfter": {},
                            "else": {
                              "actions": {
                                "Condition_2": {
                                  "actions": {
                                    "Send_an_email_(V2)": {
                                      "runAfter": {},
                                      "metadata": {
                                        "operationMetadataId": "64d6199e-4146-4fe0-a131-e814939af36b"
                                      },
                                      "type": "OpenApiConnection",
                                      "inputs": {
                                        "host": {
                                          "connectionName": "shared_office365",
                                          "operationId": "SendEmailV2",
                                          "apiId": "/providers/Microsoft.PowerApps/apis/shared_office365"
                                        },
                                        "parameters": {
                                          "emailMessage/To": "satyam.mishra@volkswagen.co.in;abhimanyu.jori@volkswagen.co.in",
                                          "emailMessage/Subject": "Demand status changed – Position ID :  @{triggerOutputs()?['body/PositionID']}",
                                          "emailMessage/Body": "<p class=\"editor-paragraph\">Hello Team,</p><p class=\"editor-paragraph\"><br>Purchase formality for following demand is completed.<br>Position ID :@{triggerOutputs()?['body/PositionID']}</p><br><p class=\"editor-paragraph\">Please download the SC and PO from the application and proceed with further process.</p><p class=\"editor-paragraph\"><br><a class=\"editor-link\" href=\"https://apps.powerapps.com/play/e/default-2882be50-2012-4d88-ac86-544124e120c8/a/e91ab347-1a43-444e-b5c9-8276f6e192c1?tenantId=2882be50-2012-4d88-ac86-544124e120c8&amp;hint=007280a6-e309-42e9-989a-702f5d02a772&amp;sourcetime=1720531334275&amp;Postion ID from R360 =\">Please Take Action</a>&gt;</p><br><p class=\"editor-paragraph\"><i><em class=\"editor-text-italic\">This is a system generated email. Please do not reply to this email.</em></i><br><br>Regards,<br>Strategic Partner Demand Management System<br></p><br>",
                                          "emailMessage/Importance": "High"
                                        },
                                        "authentication": "@parameters('$authentication')"
                                      }
                                    }
                                  },
                                  "runAfter": {},
                                  "else": {
                                    "actions": {
                                      "Condition_1": {
                                        "actions": {
                                          "Send_an_email_(V2)_1": {
                                            "runAfter": {},
                                            "metadata": {
                                              "operationMetadataId": "303457de-672f-436e-914f-42bca207ed5c"
                                            },
                                            "type": "OpenApiConnection",
                                            "inputs": {
                                              "host": {
                                                "connectionName": "shared_office365",
                                                "operationId": "SendEmailV2",
                                                "apiId": "/providers/Microsoft.PowerApps/apis/shared_office365"
                                              },
                                              "parameters": {
                                                "emailMessage/To": "satyam.mishra@volkswagen.co.in;abhimanyu.jori@volkswagen.co.in",
                                                "emailMessage/Subject": "Demand status changed – Position ID : @{triggerBody()?['PositionID']}",
                                                "emailMessage/Body": "<p class=\"editor-paragraph\">Hello Team,<br><br>Candidate evaluation has been completed. Please download the Rating Sheet from the application and initiate the SOW creation process.</p><p class=\"editor-paragraph\">Position ID :@{triggerOutputs()?['body/PositionID']}<br>TAT : @{triggerOutputs()?['body/TATRequested_x0020_SOW_x0020_cre']}<br><br><a class=\"editor-link\" href=\"https://apps.powerapps.com/play/e/default-2882be50-2012-4d88-ac86-544124e120c8/a/e91ab347-1a43-444e-b5c9-8276f6e192c1?tenantId=2882be50-2012-4d88-ac86-544124e120c8&amp;hint=007280a6-e309-42e9-989a-702f5d02a772&amp;sourcetime=1720531334275&amp;Postion ID from R360 =\">Please Take Action</a>&gt;</p><br><p class=\"editor-paragraph\"><i><em class=\"editor-text-italic\">This is a system generated email. Please do not reply to this email.</em></i></p><p class=\"editor-paragraph\"><br>Regards,<br>Strategic Partner Demand Management System</p><br>",
                                                "emailMessage/Importance": "Normal"
                                              },
                                              "authentication": "@parameters('$authentication')"
                                            }
                                          }
                                        },
                                        "runAfter": {},
                                        "else": {
                                          "actions": {
                                            "Condition_3": {
                                              "actions": {
                                                "Send_an_email_(V2)_3": {
                                                  "runAfter": {},
                                                  "metadata": {
                                                    "operationMetadataId": "303457de-672f-436e-914f-42bca207ed5c"
                                                  },
                                                  "type": "OpenApiConnection",
                                                  "inputs": {
                                                    "host": {
                                                      "connectionName": "shared_office365",
                                                      "operationId": "SendEmailV2",
                                                      "apiId": "/providers/Microsoft.PowerApps/apis/shared_office365"
                                                    },
                                                    "parameters": {
                                                      "emailMessage/To": "satyam.mishra@volkswagen.co.in;abhimanyu.jori@volkswagen.co.in",
                                                      "emailMessage/Subject": "Demand status changed – Position ID : @{triggerBody()?['PositionID']}",
                                                      "emailMessage/Body": "<p class=\"editor-paragraph\">Hello Team,</p><p class=\"editor-paragraph\"><br>Following demand is kept on hold.<br>Position ID :@{triggerOutputs()?['body/PositionID']}</p><p class=\"editor-paragraph\"><br><a class=\"editor-link\" href=\"https://apps.powerapps.com/play/e/default-2882be50-2012-4d88-ac86-544124e120c8/a/e91ab347-1a43-444e-b5c9-8276f6e192c1?tenantId=2882be50-2012-4d88-ac86-544124e120c8&amp;hint=007280a6-e309-42e9-989a-702f5d02a772&amp;sourcetime=1720531334275&amp;Postion ID from R360 =\">Please Take Action</a>&gt;</p><br><p class=\"editor-paragraph\"><i><em class=\"editor-text-italic\">This is a system generated email. Please do not reply to this email.</em></i></p><p class=\"editor-paragraph\"><br>Regards,<br>Strategic Partner Demand Management System</p><br>",
                                                      "emailMessage/Importance": "Normal"
                                                    },
                                                    "authentication": "@parameters('$authentication')"
                                                  }
                                                }
                                              },
                                              "runAfter": {},
                                              "expression": {
                                                "equals": [
                                                  "@triggerOutputs()?['body/TalentManagerApproval/Value']",
                                                  "Demand on Hold"
                                                ]
                                              },
                                              "metadata": {
                                                "operationMetadataId": "7211ce42-8ea8-4f6c-97e4-84da8252da52"
                                              },
                                              "type": "If"
                                            }
                                          }
                                        },
                                        "expression": {
                                          "and": [
                                            {
                                              "equals": [
                                                "@triggerBody()?['TalentManagerApproval']?['Value']",
                                                "Requested SOW Creation"
                                              ]
                                            }
                                          ]
                                        },
                                        "metadata": {
                                          "operationMetadataId": "059d091c-0a7d-4e05-9e9b-610c3b85e991"
                                        },
                                        "type": "If"
                                      }
                                    }
                                  },
                                  "expression": {
                                    "and": [
                                      {
                                        "equals": [
                                          "@triggerBody()?['TalentManagerApproval']?['Value']",
                                          "Purchase formality is Completed"
                                        ]
                                      }
                                    ]
                                  },
                                  "metadata": {
                                    "operationMetadataId": "ccccea25-5156-44b2-8f03-fb7887d72caa"
                                  },
                                  "type": "If"
                                }
                              }
                            },
                            "expression": {
                              "and": [
                                {
                                  "equals": [
                                    "@triggerBody()?['TalentManagerApproval']?['Value']",
                                    "Profiles shared with PD"
                                  ]
                                }
                              ]
                            },
                            "metadata": {
                              "operationMetadataId": "e1a82468-36ea-4d6a-8138-067b62b90111"
                            },
                            "type": "If"
                          }
                        }
                      },
                      "expression": {
                        "and": [
                          {
                            "equals": [
                              "@triggerBody()?['TalentManagerApproval']?['Value']",
                              "SC & PO Creation to be initiated"
                            ]
                          }
                        ]
                      },
                      "metadata": {
                        "operationMetadataId": "6e0c8cbc-a579-46c7-a259-3848d295f034"
                      },
                      "type": "If"
                    }
                  }
                },
                "expression": {
                  "and": [
                    {
                      "equals": [
                        "@triggerBody()?['TalentManagerApproval']?['Value']",
                        "Demand Rejected"
                      ]
                    }
                  ]
                },
                "metadata": {
                  "operationMetadataId": "ea6a1f44-4579-4c39-be80-fe35eb3f3018"
                },
                "type": "If"
              }
            }
          },
          "expression": {
            "and": [
              {
                "equals": [
                  "@triggerBody()?['TalentManagerApproval']?['Value']",
                  "TA Profile Screening"
                ]
              }
            ]
          },
          "metadata": {
            "operationMetadataId": "a03f0cf8-297c-47b9-98f9-3afe3ec03380"
          },
          "type": "If"
        }
      },
      "outputs": {}
    },
    "templateName": "0253862642354d9187425cfc8b3bdda2"
  },
  "schemaVersion": "1.0.0.0"
}