{
  "properties": {
    "connectionReferences": {
      "shared_office365": {
        "runtimeSource": "embedded",
        "connection": {
          "connectionReferenceLogicalName": "vwits_sharedoffice365_78a2a"
        },
        "api": {
          "name": "shared_office365"
        }
      }
    },
    "definition": {
      "$schema": "https://schema.management.azure.com/providers/Microsoft.Logic/schemas/2016-06-01/workflowdefinition.json#",
      "contentVersion": "1.0.0.0",
      "parameters": {
        "$connections": {
          "defaultValue": {},
          "type": "Object"
        },
        "$authentication": {
          "defaultValue": {},
          "type": "SecureObject"
        }
      },
      "triggers": {
        "When_a_new_email_arrives_in_a_shared_mailbox_(V2)": {
          "recurrence": {
            "interval": 1,
            "frequency": "Minute"
          },
          "splitOn": "@triggerOutputs()?['body/value']",
          "metadata": {
            "operationMetadataId": "8585c511-619e-4e58-b44d-a4401b2abd79"
          },
          "type": "OpenApiConnection",
          "inputs": {
            "host": {
              "connectionName": "shared_office365",
              "operationId": "SharedMailboxOnNewEmailV2",
              "apiId": "/providers/Microsoft.PowerApps/apis/shared_office365"
            },
            "parameters": {
              "mailboxAddress": "SGPGPORTAL@volkswagen.co.in;",
              "folderId": "Inbox",
              "importance": "Any",
              "hasAttachments": false,
              "includeAttachments": true
            },
            "authentication": "@parameters('$authentication')"
          }
        }
      },
      "actions": {
        "Condition": {
          "actions": {
            "Forward_an_email_(V2)": {
              "runAfter": {},
              "metadata": {
                "operationMetadataId": "754bdfc0-adec-4187-bbd5-ee738bccfc55"
              },
              "type": "OpenApiConnection",
              "inputs": {
                "host": {
                  "connectionName": "shared_office365",
                  "operationId": "ForwardEmail_V2",
                  "apiId": "/providers/Microsoft.PowerApps/apis/shared_office365"
                },
                "parameters": {
                  "message_id": "@triggerOutputs()?['body/id']",
                  "body/ToRecipients": "satyam072000@gmail.com",
                  "mailboxAddress": "SGPGPORTAL@volkswagen.co.in;"
                },
                "authentication": "@parameters('$authentication')"
              }
            }
          },
          "runAfter": {},
          "expression": {
            "contains": [
              "@triggerOutputs()?['body/subject']",
              "New Strategic Partner Demand – Position ID : "
            ]
          },
          "metadata": {
            "operationMetadataId": "88066f27-932a-4d8b-8a25-e6938b74a9fe"
          },
          "type": "If"
        }
      }
    },
    "templateName": ""
  },
  "schemaVersion": "1.0.0.0"
}