{
  "properties": {
    "connectionReferences": {
      "shared_sharepointonline": {
        "runtimeSource": "invoker",
        "connection": {
          "connectionReferenceLogicalName": "vwits_sharedsharepointonline_d11ab"
        },
        "api": {
          "name": "shared_sharepointonline"
        }
      },
      "shared_office365": {
        "runtimeSource": "invoker",
        "connection": {
          "connectionReferenceLogicalName": "vwits_sharedoffice365_78a2a"
        },
        "api": {
          "name": "shared_office365"
        }
      }
    },
    "definition": {
      "$schema": "https://schema.management.azure.com/providers/Microsoft.Logic/schemas/2016-06-01/workflowdefinition.json#",
      "contentVersion": "1.0.0.0",
      "parameters": {
        "$connections": {
          "defaultValue": {},
          "type": "Object"
        },
        "$authentication": {
          "defaultValue": {},
          "type": "SecureObject"
        }
      },
      "triggers": {
        "manual": {
          "metadata": {
            "operationMetadataId": "befc9394-14b4-4e04-975f-5fd94fda8f27"
          },
          "type": "Request",
          "kind": "PowerAppV2",
          "inputs": {
            "schema": {
              "type": "object",
              "properties": {
                "boolean": {
                  "title": "Yes/No",
                  "type": "boolean",
                  "x-ms-dynamically-added": true,
                  "description": "Please select yes or no",
                  "x-ms-content-hint": "BOOLEAN"
                }
              },
              "required": [
                "boolean"
              ]
            }
          }
        }
      },
      "actions": {
        "Get_items": {
          "runAfter": {},
          "metadata": {
            "operationMetadataId": "475c0e60-f4f1-4283-bcbd-7a49426f2e90"
          },
          "type": "OpenApiConnection",
          "inputs": {
            "host": {
              "apiId": "/providers/Microsoft.PowerApps/apis/shared_sharepointonline",
              "connectionName": "shared_sharepointonline",
              "operationId": "GetItems"
            },
            "parameters": {
              "dataset": "https://volkswagengroup.sharepoint.com/sites/s-pportal",
              "table": "619093a3-b12c-428c-a452-e91b40f8853b",
              "$filter": "ID ge 0"
            },
            "authentication": {
              "value": "@json(decodeBase64(triggerOutputs().headers['X-MS-APIM-Tokens']))['$ConnectionKey']",
              "type": "Raw"
            }
          }
        },
        "Select": {
          "runAfter": {
            "Get_items": [
              "Succeeded"
            ]
          },
          "metadata": {
            "operationMetadataId": "4853e1ff-ae2b-45ea-a25a-eddee3a3eb49"
          },
          "type": "Select",
          "inputs": {
            "from": "@outputs('Get_items')?['body/value']",
            "select": {
              "Position ID form R360": "@item()?['PositionID']",
              "Department": "@item()?['Department/Value']",
              "CurrentStatus": "@item()?['TalentManagerApproval/Value']",
              "Job Description\t": "@item()?['Title']",
              "Skill Set": "@item()?['Technology']",
              "Level": "@item()?['ResourceLevel/Value']",
              "Billability": "@item()?['Billability/Value']",
              "Resource Location": "@item()?['Location/Value']",
              "Duration": "@item()?['Duration/Value']",
              "DLV": "@item()?['DLV']",
              "Feedback from SP": "@item()?['FeedbackfromSP']",
              "Talent Manager Comment": "@item()?['TalentManagerComment']",
              "Primary Skills": "@item()?['Primary_x0020_Skill']",
              "Secondary skills": "@item()?['Secondary_x0020_skills']",
              "Designation": "@item()?['Designation']",
              "Joining date if possible": "@item()?['Joining_x0020_date_x0020_if_x002']",
              "Created by": "@item()?['Createdby']",
              "Email ID": "@item()?['EmailID']",
              "Edited by TM": "@item()?['Edit_x0020_by_x0020_TM']",
              "FinalAging": "@item()?['Ageing']",
              "Date Of Creation": "@item()?['Date_x0020_Of_x0020_Creation1']",
              "Pending Approval": "@item()?['Pending_x0020_Approval']",
              "TATPending Approval": "@item()?['TATPending_x0020_Approval']",
              "Accept and Demand shared with SP": "@item()?['Accept_x0020_and_x0020_Demand_x0']",
              "TATAccept and Demand shared with SP": "@item()?['TATAccept_x0020_and_x0020_Demand']",
              "Profile Screening": "@item()?['Profile_x0020_Screening']",
              "TATProfile Screening": "@item()?['TATProfile_x0020_Screening']",
              "Profiles shared with PD\t": "@item()?['Profiles_x0020_shared_x0020_with']",
              "TATProfiles shared with PD": "@item()?['TATProfiles_x0020_shared_x0020_w']",
              "Requested SOW creation": "@item()?['Requested_x0020_SOW_x0020_creati']",
              "TATRequested SOW creation": "@item()?['TATRequested_x0020_SOW_x0020_cre']",
              "Requested SC & PO Creation in Progress": "@item()?['Requested_x0020_for_x0020_SC_x00']",
              "TATRequested SC & PO Creation in Progress": "@item()?['TATRequested_x0020_for_x0020_SC_']",
              "Total Age": "@item()?['Total_x0020_Age']",
              "Closed Date": "@item()?['Closed_x0020_Date']",
              "Aging-TA(step1)": "@item()?['Aging_x002d_TA_x0028_step1_x0029']",
              "Aging-SP": "@item()?['Aging_x002d_SP']",
              "Aging-TA(step2)": "@item()?['Aging_x002d_TA_x0028_step2_x0029']",
              "Aging-PDHead": "@item()?['Aging_x002d_PDHead']",
              "Aging-TA(step3)": "@item()?['Aging_x002d_TA_x0028_step3_x0029']",
              "Aging-PMO": "@item()?['Aging_x002d_PMO']"
            }
          }
        },
        "Create_CSV_table": {
          "runAfter": {
            "Select": [
              "Succeeded"
            ]
          },
          "metadata": {
            "operationMetadataId": "9660f9ac-61b5-4417-8169-c0b8fc554f49"
          },
          "type": "Table",
          "inputs": {
            "from": "@body('Select')",
            "format": "CSV"
          }
        },
        "Create_file": {
          "runAfter": {
            "Delete_file": [
              "Succeeded"
            ]
          },
          "metadata": {
            "operationMetadataId": "01706bf2-e929-4a04-a659-6e757b9f4c19"
          },
          "type": "OpenApiConnection",
          "inputs": {
            "host": {
              "apiId": "/providers/Microsoft.PowerApps/apis/shared_sharepointonline",
              "connectionName": "shared_sharepointonline",
              "operationId": "CreateFile"
            },
            "parameters": {
              "dataset": "https://volkswagengroup.sharepoint.com/sites/s-pportal",
              "folderPath": "/Shared Documents/Exported SPGP list excel",
              "name": "SPGPDetails.csv",
              "body": "@body('Create_CSV_table')"
            },
            "authentication": {
              "value": "@json(decodeBase64(triggerOutputs().headers['X-MS-APIM-Tokens']))['$ConnectionKey']",
              "type": "Raw"
            }
          },
          "runtimeConfiguration": {
            "contentTransfer": {
              "transferMode": "Chunked"
            }
          }
        },
        "Get_file_content": {
          "runAfter": {
            "Create_file": [
              "Succeeded"
            ]
          },
          "metadata": {
            "operationMetadataId": "b4ffaf4a-4021-4617-9715-0e19187575c2"
          },
          "type": "OpenApiConnection",
          "inputs": {
            "host": {
              "apiId": "/providers/Microsoft.PowerApps/apis/shared_sharepointonline",
              "connectionName": "shared_sharepointonline",
              "operationId": "GetFileContent"
            },
            "parameters": {
              "dataset": "https://volkswagengroup.sharepoint.com/sites/s-pportal",
              "id": "@outputs('Create_file')?['body/Id']",
              "inferContentType": true
            },
            "authentication": {
              "value": "@json(decodeBase64(triggerOutputs().headers['X-MS-APIM-Tokens']))['$ConnectionKey']",
              "type": "Raw"
            }
          }
        },
        "Send_an_email_(V2)": {
          "runAfter": {
            "Get_file_content": [
              "Succeeded"
            ]
          },
          "metadata": {
            "operationMetadataId": "86a53ec0-28fa-4a97-9980-db6b669583e2"
          },
          "type": "OpenApiConnection",
          "inputs": {
            "host": {
              "apiId": "/providers/Microsoft.PowerApps/apis/shared_office365",
              "connectionName": "shared_office365",
              "operationId": "SendEmailV2"
            },
            "parameters": {
              "emailMessage/To": "satyam.mishra@volkswagen.co.in;abhimanyu.jori@volkswagen.co.in;mukesh.sabre@volkswagen.co.in",
              "emailMessage/Subject": "Export Report",
              "emailMessage/Body": "<p>Hi Team,<br>\n<br>\nPlease find the attached report as per your request.<br>\n<br>\n<em>This is a system generated email. Please do not reply to this email.<br>\n<br>\n</em>Regards,<br>\nStrategic Partner Demand Management System</p>",
              "emailMessage/Attachments": [
                {
                  "Name": "@outputs('Create_file')?['body/Name']",
                  "ContentBytes": "@body('Get_file_content')"
                }
              ],
              "emailMessage/Importance": "Normal"
            },
            "authentication": {
              "value": "@json(decodeBase64(triggerOutputs().headers['X-MS-APIM-Tokens']))['$ConnectionKey']",
              "type": "Raw"
            }
          }
        },
        "Delete_file": {
          "runAfter": {
            "Create_CSV_table": [
              "Succeeded"
            ]
          },
          "metadata": {
            "%252fShared%2bDocuments%252fExported%2bSPGP%2blist%2bexcel%252fSPGPDetails.csv": "/Shared Documents/Exported SPGP list excel/SPGPDetails.csv",
            "operationMetadataId": "912a082d-40f8-4687-9927-2d69a2bbfbc9"
          },
          "type": "OpenApiConnection",
          "inputs": {
            "host": {
              "apiId": "/providers/Microsoft.PowerApps/apis/shared_sharepointonline",
              "connectionName": "shared_sharepointonline",
              "operationId": "DeleteFile"
            },
            "parameters": {
              "dataset": "https://volkswagengroup.sharepoint.com/sites/s-pportal",
              "id": "%252fShared%2bDocuments%252fExported%2bSPGP%2blist%2bexcel%252fSPGPDetails.csv"
            },
            "authentication": {
              "value": "@json(decodeBase64(triggerOutputs().headers['X-MS-APIM-Tokens']))['$ConnectionKey']",
              "type": "Raw"
            }
          }
        }
      }
    },
    "templateName": null
  },
  "schemaVersion": "1.0.0.0"
}