{
  "properties": {
    "connectionReferences": {
      "shared_office365": {
        "runtimeSource": "embedded",
        "connection": {
          "connectionReferenceLogicalName": "vwits_sharedoffice365_78a2a"
        },
        "api": {
          "name": "shared_office365"
        }
      },
      "shared_sharepointonline": {
        "runtimeSource": "embedded",
        "connection": {
          "connectionReferenceLogicalName": "vwits_sharedsharepointonline_d11ab"
        },
        "api": {
          "name": "shared_sharepointonline"
        }
      }
    },
    "definition": {
      "$schema": "https://schema.management.azure.com/providers/Microsoft.Logic/schemas/2016-06-01/workflowdefinition.json#",
      "contentVersion": "1.0.0.0",
      "parameters": {
        "$connections": {
          "defaultValue": {},
          "type": "Object"
        },
        "$authentication": {
          "defaultValue": {},
          "type": "SecureObject"
        }
      },
      "triggers": {
        "When_an_item_is_created": {
          "recurrence": {
            "interval": 1,
            "frequency": "Minute"
          },
          "splitOn": "@triggerOutputs()?['body/value']",
          "metadata": {
            "operationMetadataId": "b52a54ed-a729-423c-b4ee-89135575932f"
          },
          "type": "OpenApiConnection",
          "inputs": {
            "host": {
              "connectionName": "shared_sharepointonline",
              "operationId": "GetOnNewItems",
              "apiId": "/providers/Microsoft.PowerApps/apis/shared_sharepointonline"
            },
            "parameters": {
              "dataset": "https://volkswagengroup.sharepoint.com/sites/s-pportal",
              "table": "c2d42b45-8135-43ab-9e05-624302e8cd52"
            },
            "authentication": "@parameters('$authentication')"
          }
        }
      },
      "actions": {
        "Send_an_email_(V2)": {
          "runAfter": {
            "Get_item": [
              "Succeeded"
            ]
          },
          "metadata": {
            "operationMetadataId": "24f0985a-7998-4176-b41d-c65fa7803686"
          },
          "type": "OpenApiConnection",
          "inputs": {
            "host": {
              "connectionName": "shared_office365",
              "operationId": "SendEmailV2",
              "apiId": "/providers/Microsoft.PowerApps/apis/shared_office365"
            },
            "parameters": {
              "emailMessage/To": "satyam.mishra@volkswagen.co.in",
              "emailMessage/Subject": "New Candidate profile is shared for position ID : @{triggerOutputs()?['body/Position_x0020_ID_x0020_From_x00/Value']}",
              "emailMessage/Body": "<p>Hello Team,<br>\n<br>\nCandidate profile is shared for position ID : @{triggerOutputs()?['body/Position_x0020_ID_x0020_From_x00/Value']}<br>\nPlease review the profile and share the feedback along with time slot for an interview.<br>\nInterview slot must be before : @{outputs('Get_item')?['body/Change_x0020_Demand_x0020_on_x00']}<br>\n<br>\n<a href=\"https://apps.powerapps.com/play/e/default-2882be50-2012-4d88-ac86-544124e120c8/a/e91ab347-1a43-444e-b5c9-8276f6e192c1?tenantId=2882be50-2012-4d88-ac86-544124e120c8&amp;hint=007280a6-e309-42e9-989a-702f5d02a772&amp;sourcetime=1720531334275&amp;Postion ID from R360 =\">Please Take Action &gt;</a><br>\n<br>\n<em>This is a system generated email. Please do not reply to this email.</em><br>\n<br>\nRegards,<br>\nStrategic Partner Demand Management System</p>",
              "emailMessage/Importance": "Normal"
            },
            "authentication": "@parameters('$authentication')"
          }
        },
        "Get_item": {
          "runAfter": {},
          "metadata": {
            "operationMetadataId": "b3ff1cb4-be03-4976-b725-f950fdb77836"
          },
          "type": "OpenApiConnection",
          "inputs": {
            "host": {
              "connectionName": "shared_sharepointonline",
              "operationId": "GetItem",
              "apiId": "/providers/Microsoft.PowerApps/apis/shared_sharepointonline"
            },
            "parameters": {
              "dataset": "https://volkswagengroup.sharepoint.com/sites/s-pportal",
              "table": "619093a3-b12c-428c-a452-e91b40f8853b",
              "id": "@triggerOutputs()?['body/Position_x0020_ID_x0020_From_x00/Id']"
            },
            "authentication": "@parameters('$authentication')"
          }
        }
      }
    },
    "templateName": ""
  },
  "schemaVersion": "1.0.0.0"
}