{
  "properties": {
    "connectionReferences": {
      "shared_sharepointonline": {
        "runtimeSource": "embedded",
        "connection": {
          "connectionReferenceLogicalName": "vwits_sharedsharepointonline_d11ab"
        },
        "api": {
          "name": "shared_sharepointonline"
        }
      },
      "shared_office365": {
        "runtimeSource": "embedded",
        "connection": {
          "connectionReferenceLogicalName": "vwits_sharedoffice365_78a2a"
        },
        "api": {
          "name": "shared_office365"
        }
      }
    },
    "definition": {
      "$schema": "https://schema.management.azure.com/providers/Microsoft.Logic/schemas/2016-06-01/workflowdefinition.json#",
      "contentVersion": "1.0.0.0",
      "parameters": {
        "$connections": {
          "defaultValue": {},
          "type": "Object"
        },
        "$authentication": {
          "defaultValue": {},
          "type": "SecureObject"
        }
      },
      "triggers": {
        "When_an_item_is_created_or_modified": {
          "recurrence": {
            "interval": 1,
            "frequency": "Minute"
          },
          "splitOn": "@triggerOutputs()?['body/value']",
          "metadata": {
            "operationMetadataId": "ed606412-29ac-4538-b8e9-17c62683f1d8"
          },
          "type": "OpenApiConnection",
          "inputs": {
            "host": {
              "connectionName": "shared_sharepointonline",
              "operationId": "GetOnUpdatedItems",
              "apiId": "/providers/Microsoft.PowerApps/apis/shared_sharepointonline"
            },
            "parameters": {
              "dataset": "https://volkswagengroup.sharepoint.com/sites/s-pportal",
              "table": "619093a3-b12c-428c-a452-e91b40f8853b"
            },
            "authentication": "@parameters('$authentication')"
          }
        }
      },
      "actions": {
        "Condition": {
          "actions": {
            "Do_until_2": {
              "actions": {},
              "runAfter": {},
              "expression": "@equals(variables('PreviouseStep'), '\"Accepted and Demand shared with SPs\"')",
              "limit": {
                "count": 5,
                "timeout": "PT1H"
              },
              "metadata": {
                "operationMetadataId": "08c31209-33f6-4c85-94b6-fdb2a4038ad7"
              },
              "type": "Until"
            },
            "Get_attachments": {
              "runAfter": {
                "Do_until_2": [
                  "Succeeded"
                ]
              },
              "metadata": {
                "operationMetadataId": "8512786b-eb6a-4cd6-b30e-1fa376af9095"
              },
              "type": "OpenApiConnection",
              "inputs": {
                "host": {
                  "connectionName": "shared_sharepointonline",
                  "operationId": "GetItemAttachments",
                  "apiId": "/providers/Microsoft.PowerApps/apis/shared_sharepointonline"
                },
                "parameters": {
                  "dataset": "https://volkswagengroup.sharepoint.com/sites/s-pportal",
                  "table": "619093a3-b12c-428c-a452-e91b40f8853b",
                  "itemId": "@triggerOutputs()?['body/ID']"
                },
                "authentication": "@parameters('$authentication')"
              }
            },
            "Apply_to_each": {
              "foreach": "@body('Get_attachments')",
              "actions": {
                "Get_attachment_content": {
                  "runAfter": {},
                  "metadata": {
                    "operationMetadataId": "bfee2890-8c6f-41cc-ac03-a8fd3ab71751"
                  },
                  "type": "OpenApiConnection",
                  "inputs": {
                    "host": {
                      "connectionName": "shared_sharepointonline",
                      "operationId": "GetAttachmentContent",
                      "apiId": "/providers/Microsoft.PowerApps/apis/shared_sharepointonline"
                    },
                    "parameters": {
                      "dataset": "https://volkswagengroup.sharepoint.com/sites/s-pportal",
                      "table": "619093a3-b12c-428c-a452-e91b40f8853b",
                      "itemId": "@triggerOutputs()?['body/ID']",
                      "attachmentId": "@item()?['Id']"
                    },
                    "authentication": "@parameters('$authentication')"
                  }
                },
                "Set_variable_2": {
                  "runAfter": {
                    "Get_attachment_content": [
                      "Succeeded"
                    ]
                  },
                  "metadata": {
                    "operationMetadataId": "9e4cbe16-b47d-4799-a273-13c86e046672"
                  },
                  "type": "SetVariable",
                  "inputs": {
                    "name": "PreviouseStep",
                    "value": "TA Approval Pending"
                  }
                },
                "Send_an_email_(V2)_2": {
                  "runAfter": {
                    "Set_variable_2": [
                      "Succeeded"
                    ]
                  },
                  "metadata": {
                    "operationMetadataId": "271fd113-0eeb-4850-a5c3-2f1375c4ce66"
                  },
                  "type": "OpenApiConnection",
                  "inputs": {
                    "host": {
                      "connectionName": "shared_office365",
                      "operationId": "SendEmailV2",
                      "apiId": "/providers/Microsoft.PowerApps/apis/shared_office365"
                    },
                    "parameters": {
                      "emailMessage/To": "satyam.mishra@volkswagen.co.in;abhimanyu.jori@volkswagen.co.in;mukesh.sabre@volkswagen.co.in",
                      "emailMessage/Subject": "New Strategic Partner Demand – Position ID :  @{triggerOutputs()?['body/PositionID']}",
                      "emailMessage/Body": "<p>Hello Team,<br>\n<br>\nWe have a new requirement. &nbsp;<br>\nPlease find below details and attached Job Description for your reference.<br>\n<br>\nJob Description: @{triggerOutputs()?['body/Title']}<br>\nPrimary Skills : @{triggerOutputs()?['body/Primary_x0020_Skill']}<br>\nSecondary Skills : @{triggerOutputs()?['body/Secondary_x0020_skills']}<br>\nDuration: @{triggerOutputs()?['body/Duration/Value']}<br>\nLevel: @{triggerOutputs()?['body/ResourceLevel/Value']}<br>\nLocation : @{triggerOutputs()?['body/Location/Value']}<br>\n<br>\nTAT to share Profiles : @{triggerOutputs()?['body/TATAccept_x0020_and_x0020_Demand']}<br>\n<br>\nPlease make a note, profiles shared after given TAT will not be accpeted.<br>\n<br>\n<br>\nRegards,<br>\nStrategic Partner Demand Management System<br>\n</p>",
                      "emailMessage/Attachments": [
                        {
                          "Name": "@items('Apply_to_each')?['DisplayName']",
                          "ContentBytes": "@body('Get_attachment_content')"
                        }
                      ],
                      "emailMessage/Importance": "High"
                    },
                    "authentication": "@parameters('$authentication')"
                  }
                },
                "Send_an_email_(V2)": {
                  "runAfter": {
                    "Send_an_email_(V2)_2": [
                      "Succeeded"
                    ]
                  },
                  "metadata": {
                    "operationMetadataId": "63659506-a805-4a2d-b12d-df23408de75e"
                  },
                  "type": "OpenApiConnection",
                  "inputs": {
                    "host": {
                      "connectionName": "shared_office365",
                      "operationId": "SendEmailV2",
                      "apiId": "/providers/Microsoft.PowerApps/apis/shared_office365"
                    },
                    "parameters": {
                      "emailMessage/To": "@triggerOutputs()?['body/Author/Email']",
                      "emailMessage/Subject": "Demand status changed – Position ID : @{triggerOutputs()?['body/PositionID']}",
                      "emailMessage/Body": "<p>Hi @{triggerOutputs()?['body/Createdby']},<br>\n<br>\nDemand has been Accepted by Talent Manager and JD shared with Strategic Partners.<br>\nPosition ID : @{triggerOutputs()?['body/PositionID']}<br>\n<br>\n<em>This is a system generated email. Please do not reply to this email.</em><br>\n<br>\nRegards,<br>\nStrategic Partner Demand Management System<br>\n</p>",
                      "emailMessage/Importance": "Normal"
                    },
                    "authentication": "@parameters('$authentication')"
                  }
                }
              },
              "runAfter": {
                "Get_attachments": [
                  "Succeeded"
                ]
              },
              "metadata": {
                "operationMetadataId": "af8a5123-0f4f-400a-b6b1-98639e55dc1f"
              },
              "type": "Foreach"
            },
            "Terminate_2": {
              "runAfter": {
                "Apply_to_each": [
                  "Succeeded"
                ]
              },
              "metadata": {
                "operationMetadataId": "712a0a3c-7aa8-4a4d-87c9-477e1bf0a6d4"
              },
              "type": "Terminate",
              "inputs": {
                "runStatus": "Succeeded"
              }
            }
          },
          "runAfter": {
            "Initialize_variable_2": [
              "Succeeded"
            ]
          },
          "expression": {
            "equals": [
              "@triggerOutputs()?['body/TalentManagerApproval/Value']",
              "Candidate Evaluation Process"
            ]
          },
          "metadata": {
            "operationMetadataId": "946b82f4-d8f5-428e-b634-eae067e44012"
          },
          "type": "If"
        },
        "Initialize_variable_2": {
          "runAfter": {},
          "metadata": {
            "operationMetadataId": "d64d9f9e-d36d-40c9-97d2-87809fd55632"
          },
          "type": "InitializeVariable",
          "inputs": {
            "variables": [
              {
                "name": "PreviouseStep",
                "type": "string"
              }
            ]
          }
        }
      }
    },
    "templateName": ""
  },
  "schemaVersion": "1.0.0.0"
}