{
  "properties": {
    "connectionReferences": {
      "shared_sharepointonline": {
        "runtimeSource": "embedded",
        "connection": {
          "connectionReferenceLogicalName": "vwits_sharedsharepointonline_d11ab"
        },
        "api": {
          "name": "shared_sharepointonline"
        }
      },
      "shared_office365": {
        "runtimeSource": "embedded",
        "connection": {
          "connectionReferenceLogicalName": "vwits_sharedoffice365_78a2a"
        },
        "api": {
          "name": "shared_office365"
        }
      }
    },
    "definition": {
      "$schema": "https://schema.management.azure.com/providers/Microsoft.Logic/schemas/2016-06-01/workflowdefinition.json#",
      "contentVersion": "1.0.0.0",
      "parameters": {
        "$authentication": {
          "defaultValue": {},
          "type": "SecureObject"
        },
        "$connections": {
          "defaultValue": {},
          "type": "Object"
        }
      },
      "triggers": {
        "When_an_item_is_created_or_modified": {
          "recurrence": {
            "interval": 1,
            "frequency": "Minute"
          },
          "splitOn": "@triggerOutputs()?['body/value']",
          "metadata": {
            "operationMetadataId": "52bf9016-11fb-4f6b-83e1-1d0d422e3fd7"
          },
          "type": "OpenApiConnection",
          "inputs": {
            "parameters": {
              "dataset": "https://volkswagengroup.sharepoint.com/sites/s-pportal",
              "table": "c2d42b45-8135-43ab-9e05-624302e8cd52"
            },
            "host": {
              "apiId": "/providers/Microsoft.PowerApps/apis/shared_sharepointonline",
              "connectionName": "shared_sharepointonline",
              "operationId": "GetOnUpdatedItems"
            },
            "authentication": "@parameters('$authentication')"
          }
        }
      },
      "actions": {
        "Get_item": {
          "runAfter": {},
          "metadata": {
            "operationMetadataId": "800f6fdb-73ef-40d3-8aaf-ffe45bfd2e2f"
          },
          "type": "OpenApiConnection",
          "inputs": {
            "parameters": {
              "dataset": "https://volkswagengroup.sharepoint.com/sites/s-pportal",
              "table": "c2d42b45-8135-43ab-9e05-624302e8cd52",
              "id": "@triggerOutputs()?['body/ID']"
            },
            "host": {
              "apiId": "/providers/Microsoft.PowerApps/apis/shared_sharepointonline",
              "connectionName": "shared_sharepointonline",
              "operationId": "GetItem"
            },
            "authentication": "@parameters('$authentication')"
          }
        },
        "Condition": {
          "actions": {
            "Send_an_email_(V2)_2": {
              "metadata": {
                "operationMetadataId": "069cdf06-89c8-4c80-bf14-fd34f3fbc697"
              },
              "type": "OpenApiConnection",
              "inputs": {
                "parameters": {
                  "emailMessage/To": "satyam.mishra@volkswagen.co.in;abhimanyu.jori@volkswagen.co.in;mukesh.sabre@volkswagen.co.in",
                  "emailMessage/Subject": "Demand status changed – Position ID : @{outputs('Get_item')?['body/Position_x0020_ID_x0020_From_x00/Value']}",
                  "emailMessage/Body": "<p class=\"editor-paragraph\">Hello Team,<br><br>Project Delivery accepted the profile and shared time slot for an interview.<br>Position ID :@{outputs('Get_item')?['body/Position_x0020_ID_x0020_From_x00/Value']}</p><p class=\"editor-paragraph\">Candiate Name: @{body('Get_item')?['Discriptions']}<br>Time Slot : @{triggerOutputs()?['body/Time_x0020_Slot']}</p><p class=\"editor-paragraph\"><br>Please schedule an interview accordingly.<br><br><a class=\"editor-link\" href=\"https://apps.powerapps.com/play/e/default-2882be50-2012-4d88-ac86-544124e120c8/a/e91ab347-1a43-444e-b5c9-8276f6e192c1?tenantId=2882be50-2012-4d88-ac86-544124e120c8&amp;hint=007280a6-e309-42e9-989a-702f5d02a772&amp;sourcetime=1720531334275&amp;Postion ID from R360 =\">Please Take Action &gt;</a><br></p><br><p class=\"editor-paragraph\"><i><em class=\"editor-text-italic\">This is a system generated email. Please do not reply to this email.</em></i></p><p class=\"editor-paragraph\"><br>Regards,<br>Strategic Partner Demand Management System</p><br>",
                  "emailMessage/Importance": "Normal"
                },
                "host": {
                  "apiId": "/providers/Microsoft.PowerApps/apis/shared_office365",
                  "connectionName": "shared_office365",
                  "operationId": "SendEmailV2"
                },
                "authentication": "@parameters('$authentication')"
              }
            },
            "Terminate": {
              "runAfter": {
                "Send_an_email_(V2)_2": [
                  "Succeeded"
                ]
              },
              "metadata": {
                "operationMetadataId": "7ac91014-22f6-4a51-be6e-0d6673e30053"
              },
              "type": "Terminate",
              "inputs": {
                "runStatus": "Succeeded"
              }
            }
          },
          "runAfter": {
            "Get_item": [
              "Succeeded"
            ]
          },
          "else": {
            "actions": {
              "Condition_2": {
                "actions": {
                  "Send_an_email_(V2)": {
                    "metadata": {
                      "operationMetadataId": "069cdf06-89c8-4c80-bf14-fd34f3fbc697"
                    },
                    "type": "OpenApiConnection",
                    "inputs": {
                      "parameters": {
                        "emailMessage/To": "satyam.mishra@volkswagen.co.in;abhimanyu.jori@volkswagen.co.in;mukesh.sabre@volkswagen.co.in",
                        "emailMessage/Subject": "Demand status changed – Position ID : @{outputs('Get_item')?['body/Position_x0020_ID_x0020_From_x00/Value']}",
                        "emailMessage/Body": "<p class=\"editor-paragraph\">Hello Team,<br><br>Product Delivery rejected the profile.</p><p class=\"editor-paragraph\">Position ID : @{body('Get_item')?['Position_x0020_ID_x0020_From_x00']?['Value']}</p><p class=\"editor-paragraph\">Candidate Name : @{body('Get_item')?['Discriptions']}<br>Reason for Rejection : @{outputs('Get_item')?['body/ReasonforReject']}<br><br><a class=\"editor-link\" href=\"https://apps.powerapps.com/play/e/default-2882be50-2012-4d88-ac86-544124e120c8/a/e91ab347-1a43-444e-b5c9-8276f6e192c1?tenantId=2882be50-2012-4d88-ac86-544124e120c8&amp;hint=007280a6-e309-42e9-989a-702f5d02a772&amp;sourcetime=1720531334275&amp;Postion ID from R360 =\">Please Take Action &gt;</a></p><br><p class=\"editor-paragraph\"><i><em class=\"editor-text-italic\">This is a system generated email. Please do not reply to this email.</em></i></p><p class=\"editor-paragraph\"><br>Regards,<br>Strategic Partner Demand Management System</p><br>",
                        "emailMessage/Importance": "Normal"
                      },
                      "host": {
                        "apiId": "/providers/Microsoft.PowerApps/apis/shared_office365",
                        "connectionName": "shared_office365",
                        "operationId": "SendEmailV2"
                      },
                      "authentication": "@parameters('$authentication')"
                    }
                  },
                  "Terminate_2": {
                    "runAfter": {
                      "Send_an_email_(V2)": [
                        "Succeeded"
                      ]
                    },
                    "metadata": {
                      "operationMetadataId": "f66099bc-f514-484e-b433-4dd8c9d7c389"
                    },
                    "type": "Terminate",
                    "inputs": {
                      "runStatus": "Succeeded"
                    }
                  }
                },
                "else": {
                  "actions": {}
                },
                "expression": {
                  "equals": [
                    "@outputs('Get_item')?['body/PD_x0020_Head_x0020_Response/Value']",
                    "Reject"
                  ]
                },
                "metadata": {
                  "operationMetadataId": "edf9c00b-7329-4826-a87a-10b63988d5f8"
                },
                "type": "If"
              }
            }
          },
          "expression": {
            "equals": [
              "@outputs('Get_item')?['body/PD_x0020_Head_x0020_Response/Value']",
              "Accept"
            ]
          },
          "metadata": {
            "operationMetadataId": "7859a532-f65c-4639-9f6c-0a4238dc4db5"
          },
          "type": "If"
        }
      }
    },
    "templateName": null
  },
  "schemaVersion": "1.0.0.0"
}