{
  "properties": {
    "connectionReferences": {
      "shared_sharepointonline": {
        "runtimeSource": "embedded",
        "connection": {
          "connectionReferenceLogicalName": "vwits_sharedsharepointonline_d11ab"
        },
        "api": {
          "name": "shared_sharepointonline"
        }
      },
      "shared_office365": {
        "runtimeSource": "embedded",
        "connection": {
          "connectionReferenceLogicalName": "vwits_sharedoffice365_78a2a"
        },
        "api": {
          "name": "shared_office365"
        }
      }
    },
    "definition": {
      "$schema": "https://schema.management.azure.com/providers/Microsoft.Logic/schemas/2016-06-01/workflowdefinition.json#",
      "contentVersion": "1.0.0.0",
      "parameters": {
        "$connections": {
          "defaultValue": {},
          "type": "Object"
        },
        "$authentication": {
          "defaultValue": {},
          "type": "SecureObject"
        }
      },
      "triggers": {
        "When_an_item_is_created_or_modified": {
          "recurrence": {
            "interval": 1,
            "frequency": "Minute"
          },
          "splitOn": "@triggerOutputs()?['body/value']",
          "metadata": {
            "operationMetadataId": "375ba828-dd8f-4ff4-b936-d567079343ba"
          },
          "type": "OpenApiConnection",
          "inputs": {
            "host": {
              "apiId": "/providers/Microsoft.PowerApps/apis/shared_sharepointonline",
              "connectionName": "shared_sharepointonline",
              "operationId": "GetOnUpdatedItems"
            },
            "parameters": {
              "dataset": "https://volkswagengroup.sharepoint.com/sites/s-pportal",
              "table": "c2d42b45-8135-43ab-9e05-624302e8cd52"
            },
            "authentication": "@parameters('$authentication')"
          }
        }
      },
      "actions": {
        "Get_item": {
          "runAfter": {},
          "metadata": {
            "operationMetadataId": "fad87f8d-d1f6-47aa-9d28-f9ec1031f51a"
          },
          "type": "OpenApiConnection",
          "inputs": {
            "host": {
              "apiId": "/providers/Microsoft.PowerApps/apis/shared_sharepointonline",
              "connectionName": "shared_sharepointonline",
              "operationId": "GetItem"
            },
            "parameters": {
              "dataset": "https://volkswagengroup.sharepoint.com/sites/s-pportal",
              "table": "c2d42b45-8135-43ab-9e05-624302e8cd52",
              "id": "@triggerOutputs()?['body/ID']"
            },
            "authentication": "@parameters('$authentication')"
          }
        },
        "Condition": {
          "actions": {
            "Send_an_email_(V2)_2": {
              "runAfter": {},
              "metadata": {
                "operationMetadataId": "44c70b9a-1721-40c0-84bf-b0a2fbef3c58"
              },
              "type": "OpenApiConnection",
              "inputs": {
                "host": {
                  "apiId": "/providers/Microsoft.PowerApps/apis/shared_office365",
                  "connectionName": "shared_office365",
                  "operationId": "SendEmailV2"
                },
                "parameters": {
                  "emailMessage/To": "@outputs('Get_item')?['body/Candidate_x0020_Name']",
                  "emailMessage/Subject": "Nomination for Interview Process",
                  "emailMessage/Body": "<p>Hello Team,<br>\n<br>\nYou have been nominated by your Department Head for an interview Process.<br>\nPlease find below details for your reference.<br>\nCandidate Name :@{outputs('Get_item')?['body/Discriptions']}<br>\nDescription : @{outputs('Get_item_2')?['body/Title']}<br>\nSkill Set : @{outputs('Get_item_2')?['body/Primary_x0020_Skill']}<br>\nTime Slot : @{triggerOutputs()?['body/Time_x0020_Slot']}<br>\n<br>\nAs soon as the interview process is over, kindly share the signed rating sheet with Talent Manager.<br>\n<br>\n<em>This is a system generated email. Please do not reply to this email.<br>\n</em><br>\nRegards,<br>\nStrategic Partner Demand Management System<br>\n</p>",
                  "emailMessage/Importance": "Normal"
                },
                "authentication": "@parameters('$authentication')"
              }
            }
          },
          "runAfter": {
            "Get_item_2": [
              "Succeeded"
            ]
          },
          "expression": {
            "equals": [
              "@outputs('Get_item')?['body/PD_x0020_Head_x0020_Response/Value']",
              "Accept"
            ]
          },
          "metadata": {
            "operationMetadataId": "7b17767f-bfa5-41e8-9b18-3a3ebcb332dd"
          },
          "type": "If"
        },
        "Get_item_2": {
          "runAfter": {
            "Get_item": [
              "Succeeded"
            ]
          },
          "metadata": {
            "operationMetadataId": "529988d0-b07c-4c5a-ad36-98bbcb8c322a"
          },
          "type": "OpenApiConnection",
          "inputs": {
            "host": {
              "apiId": "/providers/Microsoft.PowerApps/apis/shared_sharepointonline",
              "connectionName": "shared_sharepointonline",
              "operationId": "GetItem"
            },
            "parameters": {
              "dataset": "https://volkswagengroup.sharepoint.com/sites/s-pportal",
              "table": "619093a3-b12c-428c-a452-e91b40f8853b",
              "id": "@outputs('Get_item')?['body/Position_x0020_ID_x0020_From_x00/Id']"
            },
            "authentication": "@parameters('$authentication')"
          }
        }
      }
    },
    "templateName": null
  },
  "schemaVersion": "1.0.0.0"
}