{"name":"0cd37155-d21b-4c1f-8101-582217273225","id":"/providers/Microsoft.Flow/flows/0cd37155-d21b-4c1f-8101-582217273225","type":"Microsoft.Flow/flows","properties":{"apiId":"/providers/Microsoft.PowerApps/apis/shared_logicflows","displayName":"Candidate Profile Upload","definition":{"metadata":{"workflowEntityId":null,"processAdvisorMetadata":null,"flowChargedByPaygo":null,"flowclientsuspensionreason":"NeverTriggeringDetected","flowclientsuspensiontime":"2025-08-24T02:56:04.958053Z","flowclientsuspensionreasondetails":"Flow has not ran at all in the past 90 days. Disabled it on 6/22/2025 2:36:04 AM.","creator":{"id":"df20e452-b97f-4bd1-b2ed-02f99abdc23b","type":"User","tenantId":"2882be50-2012-4d88-ac86-544124e120c8"},"provisioningMethod":"FromDefinition","failureAlertSubscription":true,"clientLastModifiedTime":"2025-02-27T06:45:46.1151529Z","connectionKeySavedTimeKey":"2025-08-24T02:56:04.958053Z","creationSource":null,"modifiedSources":"Portal","statusBeforeLastSuspension":"Enabled"},"$schema":"https://schema.management.azure.com/providers/Microsoft.Logic/schemas/2016-06-01/workflowdefinition.json#","contentVersion":"1.0.0.0","parameters":{"$authentication":{"defaultValue":{},"type":"SecureObject"},"$connections":{"defaultValue":{},"type":"Object"}},"triggers":{"When_a_new_email_arrives_in_a_shared_mailbox_(V2)":{"recurrence":{"frequency":"Minute","interval":5},"splitOn":"@triggerOutputs()?['body/value']","metadata":{"operationMetadataId":"57b46d87-44b9-4276-8770-68955b062bd6"},"type":"OpenApiConnection","inputs":{"parameters":{"mailboxAddress":"SGPGPORTAL@volkswagen.co.in;","importance":"Any","hasAttachments":false,"includeAttachments":true,"folderId":"Inbox"},"host":{"apiId":"/providers/Microsoft.PowerApps/apis/shared_office365","connectionName":"shared_office365","operationId":"SharedMailboxOnNewEmailV2"},"authentication":"@parameters('$authentication')"}}},"actions":{"Accenture":{"actions":{"Html_to_text":{"metadata":{"operationMetadataId":"db68e3b1-7154-4dde-9a0d-d6ba70b2d38d"},"type":"OpenApiConnection","inputs":{"parameters":{"Content":"<p>@{triggerOutputs()?['body/body']}</p>"},"host":{"apiId":"/providers/Microsoft.PowerApps/apis/shared_conversionservice","connectionName":"shared_conversionservice","operationId":"HtmlToText"},"authentication":"@parameters('$authentication')"}},"Create_item":{"runAfter":{"Html_to_text":["Succeeded"]},"metadata":{"operationMetadataId":"ca28deb0-7837-4c97-b904-c5526bb4a63b"},"type":"OpenApiConnection","inputs":{"parameters":{"dataset":"https://volkswagengroup.sharepoint.com/sites/s-pportal","table":"e973d0a8-1d5f-4b6d-916a-7314600c3077","item/PositionID":"@split(outputs('Html_to_text')?['body'], '|')[1]","item/DepartmentName":"@split(outputs('Html_to_text')?['body'], '|')[3]","item/Projectname":"@split(outputs('Html_to_text')?['body'], '|')[5]","item/Candidatename":"@split(outputs('Html_to_text')?['body'], '|')[7]","item/PrimarySkills":"@split(outputs('Html_to_text')?['body'], '|')[9]","item/StrategicPartnerName":"@split(outputs('Html_to_text')?['body'], '|')[11]","item/ProfilesUploadDate":"@formatDateTime(triggerOutputs()?['body/receivedDateTime'],'yyyy-MM-dd')","item/Current_x0020_Status/Value":"Profile Screening"},"host":{"apiId":"/providers/Microsoft.PowerApps/apis/shared_sharepointonline","connectionName":"shared_sharepointonline","operationId":"PostItem"},"authentication":"@parameters('$authentication')"}},"Apply_to_each_2":{"foreach":"@triggerOutputs()?['body/attachments']","actions":{"Add_attachment":{"metadata":{"operationMetadataId":"08a45e84-30c7-4643-846b-92933c222f66"},"type":"OpenApiConnection","inputs":{"parameters":{"dataset":"https://volkswagengroup.sharepoint.com/sites/s-pportal","table":"e973d0a8-1d5f-4b6d-916a-7314600c3077","itemId":"@outputs('Create_item')?['body/ID']","displayName":"@items('Apply_to_each_2')?['name']","body":"@items('Apply_to_each_2')?['contentBytes']"},"host":{"apiId":"/providers/Microsoft.PowerApps/apis/shared_sharepointonline","connectionName":"shared_sharepointonline","operationId":"CreateAttachment"},"authentication":"@parameters('$authentication')"}}},"runAfter":{"Create_item":["Succeeded"]},"metadata":{"operationMetadataId":"b2ee5a37-e7e7-4f5c-b36b-92658810d916"},"type":"Foreach"},"Send_an_email_(V2)":{"runAfter":{"Apply_to_each_2":["Succeeded"]},"metadata":{"operationMetadataId":"24f0985a-7998-4176-b41d-c65fa7803686"},"type":"OpenApiConnection","inputs":{"parameters":{"emailMessage/To":"satyam.mishra@volkswagen.co.in","emailMessage/Subject":"New Candidate profile is shared for position ID : @{triggerOutputs()?['body/Position_x0020_ID_x0020_From_x00/Value']}","emailMessage/Body":"<p>Hello Team,<br>\n<br>\nCandidate profile is shared for position ID : @{triggerOutputs()?['body/Position_x0020_ID_x0020_From_x00/Value']}<br>\nPlease review the profile and share the feedback along with time slot for an interview.<br>\nInterview slot must be before : <br>\n<br>\n<a href=\"https://apps.powerapps.com/play/e/default-2882be50-2012-4d88-ac86-544124e120c8/a/e91ab347-1a43-444e-b5c9-8276f6e192c1?tenantId=2882be50-2012-4d88-ac86-544124e120c8&amp;hint=007280a6-e309-42e9-989a-702f5d02a772&amp;sourcetime=1720531334275&amp;Postion ID from R360 =\">Please Take Action &gt;</a><br>\n<br>\n<em>This is a system generated email. Please do not reply to this email.</em><br>\n<br>\nRegards,<br>\nStrategic Partner Demand Management System</p>","emailMessage/Importance":"Normal"},"host":{"apiId":"/providers/Microsoft.PowerApps/apis/shared_office365","connectionName":"shared_office365","operationId":"SendEmailV2"},"authentication":"@parameters('$authentication')"}}},"runAfter":{},"else":{"actions":{"Deloitte":{"actions":{"Html_to_text_2":{"metadata":{"operationMetadataId":"db68e3b1-7154-4dde-9a0d-d6ba70b2d38d"},"type":"OpenApiConnection","inputs":{"parameters":{"Content":"<p>@{triggerOutputs()?['body/body']}</p>"},"host":{"apiId":"/providers/Microsoft.PowerApps/apis/shared_conversionservice","connectionName":"shared_conversionservice","operationId":"HtmlToText"},"authentication":"@parameters('$authentication')"}},"Create_item_2":{"runAfter":{"Html_to_text_2":["Succeeded"]},"metadata":{"operationMetadataId":"20963a55-111c-44c3-9347-e9a0500f923d"},"type":"OpenApiConnection","inputs":{"parameters":{"dataset":"https://volkswagengroup.sharepoint.com/sites/s-pportal","table":"e973d0a8-1d5f-4b6d-916a-7314600c3077","item/PositionID":"@split(outputs('Html_to_text_2')?['body'], '|')[1]","item/DepartmentName":"@split(outputs('Html_to_text_2')?['body'], '|')[3]","item/Projectname":"@split(outputs('Html_to_text_2')?['body'], '|')[5]","item/Candidatename":"@split(outputs('Html_to_text_2')?['body'], '|')[7]","item/PrimarySkills":"@split(outputs('Html_to_text_2')?['body'], '|')[9]","item/StrategicPartnerName":"@split(outputs('Html_to_text_2')?['body'], '|')[11]","item/ProfilesUploadDate":"@formatDateTime(triggerOutputs()?['body/receivedDateTime'], 'yyyy-MM-dd')","item/Current_x0020_Status/Value":"Profile Screening"},"host":{"apiId":"/providers/Microsoft.PowerApps/apis/shared_sharepointonline","connectionName":"shared_sharepointonline","operationId":"PostItem"},"authentication":"@parameters('$authentication')"}},"Apply_to_each":{"foreach":"@triggerOutputs()?['body/attachments']","actions":{"Add_attachment_2":{"metadata":{"operationMetadataId":"77e9d432-127b-488c-86a6-5e464e95cbd6"},"type":"OpenApiConnection","inputs":{"parameters":{"dataset":"https://volkswagengroup.sharepoint.com/sites/s-pportal","table":"e973d0a8-1d5f-4b6d-916a-7314600c3077","itemId":"@outputs('Create_item_2')?['body/ID']","displayName":"@items('Apply_to_each')?['name']","body":"@items('Apply_to_each')?['contentBytes']"},"host":{"apiId":"/providers/Microsoft.PowerApps/apis/shared_sharepointonline","connectionName":"shared_sharepointonline","operationId":"CreateAttachment"},"authentication":"@parameters('$authentication')"}}},"runAfter":{"Create_item_2":["Succeeded"]},"metadata":{"operationMetadataId":"132e0a77-6706-444b-a041-ea91d5dc01d7"},"type":"Foreach"},"Send_an_email_(V2)_2":{"runAfter":{"Apply_to_each":["Succeeded"]},"metadata":{"operationMetadataId":"24f0985a-7998-4176-b41d-c65fa7803686"},"type":"OpenApiConnection","inputs":{"parameters":{"emailMessage/To":"satyam.mishra@volkswagen.co.in","emailMessage/Subject":"New Candidate profile is shared for position ID : @{triggerOutputs()?['body/Position_x0020_ID_x0020_From_x00/Value']}","emailMessage/Body":"<p>Hello Team,<br>\n<br>\nCandidate profile is shared for position ID : @{triggerOutputs()?['body/Position_x0020_ID_x0020_From_x00/Value']}<br>\nPlease review the profile and share the feedback along with time slot for an interview.<br>\nInterview slot must be before : <br>\n<br>\n<a href=\"https://apps.powerapps.com/play/e/default-2882be50-2012-4d88-ac86-544124e120c8/a/e91ab347-1a43-444e-b5c9-8276f6e192c1?tenantId=2882be50-2012-4d88-ac86-544124e120c8&amp;hint=007280a6-e309-42e9-989a-702f5d02a772&amp;sourcetime=1720531334275&amp;Postion ID from R360 =\">Please Take Action &gt;</a><br>\n<br>\n<em>This is a system generated email. Please do not reply to this email.</em><br>\n<br>\nRegards,<br>\nStrategic Partner Demand Management System</p>","emailMessage/Importance":"Normal"},"host":{"apiId":"/providers/Microsoft.PowerApps/apis/shared_office365","connectionName":"shared_office365","operationId":"SendEmailV2"},"authentication":"@parameters('$authentication')"}}},"else":{"actions":{"Cognizant":{"actions":{"Html_to_text_3":{"metadata":{"operationMetadataId":"db68e3b1-7154-4dde-9a0d-d6ba70b2d38d"},"type":"OpenApiConnection","inputs":{"parameters":{"Content":"<p>@{triggerOutputs()?['body/body']}</p>"},"host":{"apiId":"/providers/Microsoft.PowerApps/apis/shared_conversionservice","connectionName":"shared_conversionservice","operationId":"HtmlToText"},"authentication":"@parameters('$authentication')"}},"Create_item_3":{"runAfter":{"Html_to_text_3":["Succeeded"]},"metadata":{"operationMetadataId":"1fb15412-abe4-4f6a-962c-58cb3f981c09"},"type":"OpenApiConnection","inputs":{"parameters":{"dataset":"https://volkswagengroup.sharepoint.com/sites/s-pportal","table":"e973d0a8-1d5f-4b6d-916a-7314600c3077","item/PositionID":"@split(outputs('Html_to_text_3')?['body'], '|')[1]","item/DepartmentName":"@split(outputs('Html_to_text_3')?['body'], '|')[3]","item/Projectname":"@split(outputs('Html_to_text_3')?['body'], '|')[5]","item/Candidatename":"@split(outputs('Html_to_text_3')?['body'], '|')[7]","item/PrimarySkills":"@split(outputs('Html_to_text_3')?['body'], '|')[9]","item/StrategicPartnerName":"@split(outputs('Html_to_text_3')?['body'], '|')[11]","item/ProfilesUploadDate":"@formatDateTime(triggerOutputs()?['body/receivedDateTime'], 'yyyy-MM-dd')","item/Current_x0020_Status/Value":"Profile Screening"},"host":{"apiId":"/providers/Microsoft.PowerApps/apis/shared_sharepointonline","connectionName":"shared_sharepointonline","operationId":"PostItem"},"authentication":"@parameters('$authentication')"}},"Apply_to_each_3":{"foreach":"@triggerOutputs()?['body/attachments']","actions":{"Add_attachment_3":{"metadata":{"operationMetadataId":"30dea05d-d226-411a-944b-0e6e83dbcffc"},"type":"OpenApiConnection","inputs":{"parameters":{"dataset":"https://volkswagengroup.sharepoint.com/sites/s-pportal","table":"e973d0a8-1d5f-4b6d-916a-7314600c3077","itemId":"@outputs('Create_item_3')?['body/ID']","displayName":"@items('Apply_to_each_3')?['name']","body":"@items('Apply_to_each_3')?['contentBytes']"},"host":{"apiId":"/providers/Microsoft.PowerApps/apis/shared_sharepointonline","connectionName":"shared_sharepointonline","operationId":"CreateAttachment"},"authentication":"@parameters('$authentication')"}}},"runAfter":{"Create_item_3":["Succeeded"]},"metadata":{"operationMetadataId":"200083b7-0031-4d8c-9d9b-6d278cb140a5"},"type":"Foreach"},"Send_an_email_(V2)_3":{"runAfter":{"Apply_to_each_3":["Succeeded"]},"metadata":{"operationMetadataId":"24f0985a-7998-4176-b41d-c65fa7803686"},"type":"OpenApiConnection","inputs":{"parameters":{"emailMessage/To":"satyam.mishra@volkswagen.co.in","emailMessage/Subject":"New Candidate profile is shared for position ID : @{triggerOutputs()?['body/Position_x0020_ID_x0020_From_x00/Value']}","emailMessage/Body":"<p>Hello Team,<br>\n<br>\nCandidate profile is shared for position ID : @{triggerOutputs()?['body/Position_x0020_ID_x0020_From_x00/Value']}<br>\nPlease review the profile and share the feedback along with time slot for an interview.<br>\nInterview slot must be before : <br>\n<br>\n<a href=\"https://apps.powerapps.com/play/e/default-2882be50-2012-4d88-ac86-544124e120c8/a/e91ab347-1a43-444e-b5c9-8276f6e192c1?tenantId=2882be50-2012-4d88-ac86-544124e120c8&amp;hint=007280a6-e309-42e9-989a-702f5d02a772&amp;sourcetime=1720531334275&amp;Postion ID from R360 =\">Please Take Action &gt;</a><br>\n<br>\n<em>This is a system generated email. Please do not reply to this email.</em><br>\n<br>\nRegards,<br>\nStrategic Partner Demand Management System</p>","emailMessage/Importance":"Normal"},"host":{"apiId":"/providers/Microsoft.PowerApps/apis/shared_office365","connectionName":"shared_office365","operationId":"SendEmailV2"},"authentication":"@parameters('$authentication')"}}},"else":{"actions":{"Capgemini":{"actions":{"Html_to_text_4":{"metadata":{"operationMetadataId":"db68e3b1-7154-4dde-9a0d-d6ba70b2d38d"},"type":"OpenApiConnection","inputs":{"parameters":{"Content":"<p>@{triggerOutputs()?['body/body']}</p>"},"host":{"apiId":"/providers/Microsoft.PowerApps/apis/shared_conversionservice","connectionName":"shared_conversionservice","operationId":"HtmlToText"},"authentication":"@parameters('$authentication')"}},"Create_item_4":{"runAfter":{"Html_to_text_4":["Succeeded"]},"metadata":{"operationMetadataId":"da95c530-35e0-46f4-b15d-81c66d6f0440"},"type":"OpenApiConnection","inputs":{"parameters":{"dataset":"https://volkswagengroup.sharepoint.com/sites/s-pportal","table":"e973d0a8-1d5f-4b6d-916a-7314600c3077","item/PositionID":"@split(outputs('Html_to_text_4')?['body'], '|')[1]","item/DepartmentName":"@split(outputs('Html_to_text_4')?['body'], '|')[3]","item/Projectname":"@split(outputs('Html_to_text_4')?['body'], '|')[5]","item/Candidatename":"@split(outputs('Html_to_text_4')?['body'], '|')[7]","item/PrimarySkills":"@split(outputs('Html_to_text_4')?['body'], '|')[9]","item/StrategicPartnerName":"@split(outputs('Html_to_text_4')?['body'], '|')[11]","item/ProfilesUploadDate":"@formatDateTime(triggerOutputs()?['body/receivedDateTime'], 'yyyy-MM-dd')","item/Current_x0020_Status/Value":"Profile Screening"},"host":{"apiId":"/providers/Microsoft.PowerApps/apis/shared_sharepointonline","connectionName":"shared_sharepointonline","operationId":"PostItem"},"authentication":"@parameters('$authentication')"}},"Apply_to_each_4":{"foreach":"@triggerOutputs()?['body/attachments']","actions":{"Add_attachment_4":{"metadata":{"operationMetadataId":"455728d6-71ac-4cc7-8f48-ad0aeb9f1836"},"type":"OpenApiConnection","inputs":{"parameters":{"dataset":"https://volkswagengroup.sharepoint.com/sites/s-pportal","table":"e973d0a8-1d5f-4b6d-916a-7314600c3077","itemId":"@outputs('Create_item_4')?['body/ID']","displayName":"@items('Apply_to_each_4')?['name']","body":"@items('Apply_to_each_4')?['contentBytes']"},"host":{"apiId":"/providers/Microsoft.PowerApps/apis/shared_sharepointonline","connectionName":"shared_sharepointonline","operationId":"CreateAttachment"},"authentication":"@parameters('$authentication')"}}},"runAfter":{"Create_item_4":["Succeeded"]},"metadata":{"operationMetadataId":"98745a78-296b-4a97-a3e0-f7a3123fc2f4"},"type":"Foreach"},"Send_an_email_(V2)_4":{"runAfter":{"Apply_to_each_4":["Succeeded"]},"metadata":{"operationMetadataId":"24f0985a-7998-4176-b41d-c65fa7803686"},"type":"OpenApiConnection","inputs":{"parameters":{"emailMessage/To":"satyam.mishra@volkswagen.co.in","emailMessage/Subject":"New Candidate profile is shared for position ID : @{triggerOutputs()?['body/Position_x0020_ID_x0020_From_x00/Value']}","emailMessage/Body":"<p>Hello Team,<br>\n<br>\nCandidate profile is shared for position ID : @{triggerOutputs()?['body/Position_x0020_ID_x0020_From_x00/Value']}<br>\nPlease review the profile and share the feedback along with time slot for an interview.<br>\nInterview slot must be before : <br>\n<br>\n<a href=\"https://apps.powerapps.com/play/e/default-2882be50-2012-4d88-ac86-544124e120c8/a/e91ab347-1a43-444e-b5c9-8276f6e192c1?tenantId=2882be50-2012-4d88-ac86-544124e120c8&amp;hint=007280a6-e309-42e9-989a-702f5d02a772&amp;sourcetime=1720531334275&amp;Postion ID from R360 =\">Please Take Action &gt;</a><br>\n<br>\n<em>This is a system generated email. Please do not reply to this email.</em><br>\n<br>\nRegards,<br>\nStrategic Partner Demand Management System</p>","emailMessage/Importance":"Normal"},"host":{"apiId":"/providers/Microsoft.PowerApps/apis/shared_office365","connectionName":"shared_office365","operationId":"SendEmailV2"},"authentication":"@parameters('$authentication')"}}},"else":{"actions":{}},"expression":{"and":[{"contains":["@triggerOutputs()?['body/from']","jitakshi.jadhav@volkswagen.co.in"]},{"contains":["@triggerOutputs()?['body/subject']","Candidate Profile"]}]},"metadata":{"operationMetadataId":"3241a08e-4baf-4436-b719-b01b438beaa4"},"type":"If"}}},"expression":{"and":[{"contains":["@triggerOutputs()?['body/from']","satyam072000@gmail.com"]},{"contains":["@triggerOutputs()?['body/subject']","Candidate Profile"]}]},"metadata":{"operationMetadataId":"3241a08e-4baf-4436-b719-b01b438beaa4"},"type":"If"}}},"expression":{"and":[{"contains":["@triggerOutputs()?['body/from']","abhimanyu.jori@volkswagen.co.in"]},{"contains":["@triggerOutputs()?['body/subject']","Candidate Profile"]}]},"metadata":{"operationMetadataId":"3241a08e-4baf-4436-b719-b01b438beaa4"},"type":"If"}}},"expression":{"and":[{"contains":["@triggerOutputs()?['body/from']","satyam.mishra@volkswagen.co.in"]},{"contains":["@triggerOutputs()?['body/subject']","Candidate Profile"]}]},"metadata":{"operationMetadataId":"3241a08e-4baf-4436-b719-b01b438beaa4"},"type":"If"}}},"connectionReferences":{"shared_office365":{"connectionName":"shared-office365-43c9c8b6-8431-420e-b6e9-b78878fc30f4","source":"Embedded","id":"/providers/Microsoft.PowerApps/apis/shared_office365","tier":"NotSpecified","apiName":"office365","isProcessSimpleApiReferenceConversionAlreadyDone":false},"shared_conversionservice":{"connectionName":"shared-conversionser-6277feef-0068-42a7-890a-b4948d520f6b","source":"Embedded","id":"/providers/Microsoft.PowerApps/apis/shared_conversionservice","tier":"NotSpecified","apiName":"conversionservice","isProcessSimpleApiReferenceConversionAlreadyDone":false},"shared_sharepointonline":{"connectionName":"b7e7b267245449f5b33b639cd2c62eba","source":"Embedded","id":"/providers/Microsoft.PowerApps/apis/shared_sharepointonline","tier":"NotSpecified","apiName":"sharepointonline","isProcessSimpleApiReferenceConversionAlreadyDone":false}},"flowFailureAlertSubscribed":false,"isManaged":false}}